grade,domain_name,Old_scale_score,Old_proficiency_level,
0,Overall,100,1,
0,Overall,101,1,
0,Overall,102,1,
0,Overall,103,1,
0,Overall,104,1,
0,Overall,105,1,
0,Overall,106,1,
0,Overall,107,1,
0,Overall,108,1,
0,Overall,109,1,
0,Overall,110,1,
0,Overall,111,1,
0,Overall,112,1,
0,Overall,113,1.1,
0,Overall,114,1.1,
0,Overall,115,1.1,
0,Overall,116,1.1,
0,Overall,117,1.1,
0,Overall,118,1.1,
0,Overall,119,1.1,
0,Overall,120,1.1,
0,Overall,121,1.1,
0,Overall,122,1.1,
0,Overall,123,1.1,
0,Overall,124,1.1,
0,Overall,125,1.1,
0,Overall,126,1.2,
0,Overall,127,1.2,
0,Overall,128,1.2,
0,Overall,129,1.2,
0,Overall,130,1.2,
0,Overall,131,1.2,
0,Overall,132,1.2,
0,Overall,133,1.2,
0,Overall,134,1.2,
0,Overall,135,1.2,
0,Overall,136,1.2,
0,Overall,137,1.2,
0,Overall,138,1.2,
0,Overall,139,1.3,
0,Overall,140,1.3,
0,Overall,141,1.3,
0,Overall,142,1.3,
0,Overall,143,1.3,
0,Overall,144,1.3,
0,Overall,145,1.3,
0,Overall,146,1.3,
0,Overall,147,1.3,
0,Overall,148,1.3,
0,Overall,149,1.3,
0,Overall,150,1.3,
0,Overall,151,1.3,
0,Overall,152,1.4,
0,Overall,153,1.4,
0,Overall,154,1.4,
0,Overall,155,1.4,
0,Overall,156,1.4,
0,Overall,157,1.4,
0,Overall,158,1.4,
0,Overall,159,1.4,
0,Overall,160,1.4,
0,Overall,161,1.4,
0,Overall,162,1.4,
0,Overall,163,1.4,
0,Overall,164,1.4,
0,Overall,165,1.5,
0,Overall,166,1.5,
0,Overall,167,1.5,
0,Overall,168,1.5,
0,Overall,169,1.5,
0,Overall,170,1.5,
0,Overall,171,1.5,
0,Overall,172,1.5,
0,Overall,173,1.5,
0,Overall,174,1.5,
0,Overall,175,1.5,
0,Overall,176,1.5,
0,Overall,177,1.5,
0,Overall,178,1.6,
0,Overall,179,1.6,
0,Overall,180,1.6,
0,Overall,181,1.6,
0,Overall,182,1.6,
0,Overall,183,1.6,
0,Overall,184,1.6,
0,Overall,185,1.6,
0,Overall,186,1.6,
0,Overall,187,1.6,
0,Overall,188,1.6,
0,Overall,189,1.6,
0,Overall,190,1.6,
0,Overall,191,1.7,
0,Overall,192,1.7,
0,Overall,193,1.7,
0,Overall,194,1.7,
0,Overall,195,1.7,
0,Overall,196,1.7,
0,Overall,197,1.7,
0,Overall,198,1.7,
0,Overall,199,1.7,
0,Overall,200,1.7,
0,Overall,201,1.7,
0,Overall,202,1.7,
0,Overall,203,1.7,
0,Overall,204,1.8,
0,Overall,205,1.8,
0,Overall,206,1.8,
0,Overall,207,1.8,
0,Overall,208,1.8,
0,Overall,209,1.8,
0,Overall,210,1.8,
0,Overall,211,1.8,
0,Overall,212,1.8,
0,Overall,213,1.8,
0,Overall,214,1.8,
0,Overall,215,1.8,
0,Overall,216,1.8,
0,Overall,217,1.9,
0,Overall,218,1.9,
0,Overall,219,1.9,
0,Overall,220,1.9,
0,Overall,221,1.9,
0,Overall,222,1.9,
0,Overall,223,1.9,
0,Overall,224,1.9,
0,Overall,225,1.9,
0,Overall,226,1.9,
0,Overall,227,1.9,
0,Overall,228,1.9,
0,Overall,229,2,
0,Overall,230,2,
0,Overall,231,2,
0,Overall,232,2,
0,Overall,233,2.1,
0,Overall,234,2.1,
0,Overall,235,2.1,
0,Overall,236,2.2,
0,Overall,237,2.2,
0,Overall,238,2.2,
0,Overall,239,2.3,
0,Overall,240,2.3,
0,Overall,241,2.3,
0,Overall,242,2.4,
0,Overall,243,2.4,
0,Overall,244,2.4,
0,Overall,245,2.5,
0,Overall,246,2.5,
0,Overall,247,2.5,
0,Overall,248,2.5,
0,Overall,249,2.6,
0,Overall,250,2.6,
0,Overall,251,2.6,
0,Overall,252,2.7,
0,Overall,253,2.7,
0,Overall,254,2.7,
0,Overall,255,2.8,
0,Overall,256,2.8,
0,Overall,257,2.8,
0,Overall,258,2.9,
0,Overall,259,2.9,
0,Overall,260,2.9,
0,Overall,261,3,
0,Overall,262,3,
0,Overall,263,3,
0,Overall,264,3,
0,Overall,265,3.1,
0,Overall,266,3.1,
0,Overall,267,3.1,
0,Overall,268,3.2,
0,Overall,269,3.2,
0,Overall,270,3.2,
0,Overall,271,3.3,
0,Overall,272,3.3,
0,Overall,273,3.3,
0,Overall,274,3.4,
0,Overall,275,3.4,
0,Overall,276,3.4,
0,Overall,277,3.5,
0,Overall,278,3.5,
0,Overall,279,3.5,
0,Overall,280,3.5,
0,Overall,281,3.6,
0,Overall,282,3.6,
0,Overall,283,3.6,
0,Overall,284,3.7,
0,Overall,285,3.7,
0,Overall,286,3.7,
0,Overall,287,3.8,
0,Overall,288,3.8,
0,Overall,289,3.8,
0,Overall,290,3.9,
0,Overall,291,3.9,
0,Overall,292,3.9,
0,Overall,293,4,
0,Overall,294,4,
0,Overall,295,4,
0,Overall,296,4,
0,Overall,297,4.1,
0,Overall,298,4.1,
0,Overall,299,4.1,
0,Overall,300,4.2,
0,Overall,301,4.2,
0,Overall,302,4.2,
0,Overall,303,4.3,
0,Overall,304,4.3,
0,Overall,305,4.3,
0,Overall,306,4.4,
0,Overall,307,4.4,
0,Overall,308,4.4,
0,Overall,309,4.5,
0,Overall,310,4.5,
0,Overall,311,4.5,
0,Overall,312,4.5,
0,Overall,313,4.6,
0,Overall,314,4.6,
0,Overall,315,4.6,
0,Overall,316,4.7,
0,Overall,317,4.7,
0,Overall,318,4.7,
0,Overall,319,4.8,
0,Overall,320,4.8,
0,Overall,321,4.8,
0,Overall,322,4.9,
0,Overall,323,4.9,
0,Overall,324,4.9,
0,Overall,325,5,
0,Overall,326,5,
0,Overall,327,5,
0,Overall,328,5.1,
0,Overall,329,5.1,
0,Overall,330,5.2,
0,Overall,331,5.2,
0,Overall,332,5.2,
0,Overall,333,5.3,
0,Overall,334,5.3,
0,Overall,335,5.4,
0,Overall,336,5.4,
0,Overall,337,5.4,
0,Overall,338,5.5,
0,Overall,339,5.5,
0,Overall,340,5.6,
0,Overall,341,5.6,
0,Overall,342,5.6,
0,Overall,343,5.7,
0,Overall,344,5.7,
0,Overall,345,5.8,
0,Overall,346,5.8,
0,Overall,347,5.8,
0,Overall,348,5.9,
0,Overall,349,5.9,
0,Overall,350,6,
0,Overall,351,6,
0,Overall,352,6,
0,Overall,353,6,
0,Overall,354,6,
0,Overall,355,6,
0,Overall,356,6,
0,Overall,357,6,
0,Overall,358,6,
0,Overall,359,6,
0,Overall,360,6,
0,Overall,361,6,
0,Overall,362,6,
0,Overall,363,6,
0,Overall,364,6,
0,Overall,365,6,
0,Overall,366,6,
0,Overall,367,6,
0,Overall,368,6,
0,Overall,369,6,
0,Overall,370,6,
0,Overall,371,6,
0,Overall,372,6,
0,Overall,373,6,
0,Overall,374,6,
0,Overall,375,6,
0,Overall,376,6,
0,Overall,377,6,
0,Overall,378,6,
0,Overall,379,6,
0,Overall,380,6,
0,Overall,381,6,
0,Overall,382,6,
0,Overall,383,6,
0,Overall,384,6,
0,Overall,385,6,
0,Overall,386,6,
0,Overall,387,6,
0,Overall,388,6,
0,Overall,389,6,
0,Overall,390,6,
0,Overall,391,6,
0,Overall,392,6,
0,Overall,393,6,
0,Overall,394,6,
0,Overall,395,6,
0,Overall,396,6,
0,Overall,397,6,
0,Overall,398,6,
0,Overall,399,6,
0,Overall,400,6,
0,Overall,401,6,
0,Overall,402,6,
0,Overall,403,6,
0,Overall,404,6,
0,Overall,405,6,
0,Overall,406,6,
0,Overall,407,6,
0,Overall,408,6,
0,Overall,409,6,
0,Overall,410,6,
0,Overall,411,6,
0,Overall,412,6,
0,Overall,413,6,
0,Overall,414,6,
0,Overall,415,6,
0,Overall,416,6,
0,Overall,417,6,
0,Overall,418,6,
0,Overall,419,6,
0,Overall,420,6,
0,Overall,421,6,
0,Overall,422,6,
0,Overall,423,6,
0,Overall,424,6,
0,Overall,425,6,
0,Overall,426,6,
0,Overall,427,6,
0,Overall,428,6,
0,Overall,429,6,
0,Overall,430,6,
0,Overall,431,6,
0,Overall,432,6,
0,Overall,433,6,
0,Overall,434,6,
0,Overall,435,6,
0,Overall,436,6,
0,Overall,437,6,
0,Overall,438,6,
0,Overall,439,6,
0,Overall,440,6,
0,Overall,441,6,
0,Overall,442,6,
0,Overall,443,6,
0,Overall,444,6,
0,Overall,445,6,
0,Overall,446,6,
0,Overall,447,6,
0,Overall,448,6,
0,Overall,449,6,
0,Overall,450,6,
0,Overall,451,6,
0,Overall,452,6,
0,Overall,453,6,
0,Overall,454,6,
0,Overall,455,6,
0,Overall,456,6,
0,Overall,457,6,
0,Overall,458,6,
0,Overall,459,6,
0,Overall,460,6,
0,Overall,461,6,
0,Overall,462,6,
0,Overall,463,6,
0,Overall,464,6,
0,Overall,465,6,
0,Overall,466,6,
0,Overall,467,6,
0,Overall,468,6,
0,Overall,469,6,
0,Overall,470,6,
0,Overall,471,6,
0,Overall,472,6,
0,Overall,473,6,
0,Overall,474,6,
0,Overall,475,6,
0,Overall,476,6,
0,Overall,477,6,
0,Overall,478,6,
0,Overall,479,6,
0,Overall,480,6,
0,Overall,481,6,
0,Overall,482,6,
0,Overall,483,6,
0,Overall,484,6,
0,Overall,485,6,
0,Overall,486,6,
0,Overall,487,6,
0,Overall,488,6,
0,Overall,489,6,
0,Overall,490,6,
0,Overall,491,6,
0,Overall,492,6,
0,Overall,493,6,
0,Overall,494,6,
0,Overall,495,6,
0,Overall,496,6,
0,Overall,497,6,
0,Overall,498,6,
0,Overall,499,6,
0,Overall,500,6,
0,Overall,501,6,
0,Overall,502,6,
0,Overall,503,6,
0,Overall,504,6,
0,Overall,505,6,
0,Overall,506,6,
0,Overall,507,6,
0,Overall,508,6,
0,Overall,509,6,
0,Overall,510,6,
0,Overall,511,6,
0,Overall,512,6,
0,Overall,513,6,
0,Overall,514,6,
0,Overall,515,6,
0,Overall,516,6,
0,Overall,517,6,
0,Overall,518,6,
0,Overall,519,6,
0,Overall,520,6,
0,Overall,521,6,
0,Overall,522,6,
0,Overall,523,6,
0,Overall,524,6,
0,Overall,525,6,
0,Overall,526,6,
0,Overall,527,6,
0,Overall,528,6,
0,Overall,529,6,
0,Overall,530,6,
0,Overall,531,6,
0,Overall,532,6,
0,Overall,533,6,
0,Overall,534,6,
0,Overall,535,6,
0,Overall,536,6,
0,Overall,537,6,
0,Overall,538,6,
0,Overall,539,6,
0,Overall,540,6,
0,Overall,541,6,
0,Overall,542,6,
0,Overall,543,6,
0,Overall,544,6,
0,Overall,545,6,
0,Overall,546,6,
0,Overall,547,6,
0,Overall,548,6,
0,Overall,549,6,
0,Overall,550,6,
0,Overall,551,6,
0,Overall,552,6,
0,Overall,553,6,
0,Overall,554,6,
0,Overall,555,6,
0,Overall,556,6,
0,Overall,557,6,
0,Overall,558,6,
0,Overall,559,6,
0,Overall,560,6,
0,Overall,561,6,
0,Overall,562,6,
0,Overall,563,6,
0,Overall,564,6,
0,Overall,565,6,
0,Overall,566,6,
0,Overall,567,6,
0,Overall,568,6,
0,Overall,569,6,
0,Overall,570,6,
0,Overall,571,6,
0,Overall,572,6,
0,Overall,573,6,
0,Overall,574,6,
0,Overall,575,6,
0,Overall,576,6,
0,Overall,577,6,
0,Overall,578,6,
0,Overall,579,6,
0,Overall,580,6,
0,Overall,581,6,
0,Overall,582,6,
0,Overall,583,6,
0,Overall,584,6,
0,Overall,585,6,
0,Overall,586,6,
0,Overall,587,6,
0,Overall,588,6,
0,Overall,589,6,
0,Overall,590,6,
0,Overall,591,6,
0,Overall,592,6,
0,Overall,593,6,
0,Overall,594,6,
0,Overall,595,6,
0,Overall,596,6,
0,Overall,597,6,
0,Overall,598,6,
0,Overall,599,6,
0,Overall,600,6,
1,Overall,100,1,
1,Overall,101,1,
1,Overall,102,1,
1,Overall,103,1,
1,Overall,104,1,
1,Overall,105,1,
1,Overall,106,1,
1,Overall,107,1,
1,Overall,108,1,
1,Overall,109,1,
1,Overall,110,1,
1,Overall,111,1,
1,Overall,112,1,
1,Overall,113,1,
1,Overall,114,1,
1,Overall,115,1,
1,Overall,116,1,
1,Overall,117,1,
1,Overall,118,1,
1,Overall,119,1,
1,Overall,120,1,
1,Overall,121,1,
1,Overall,122,1,
1,Overall,123,1,
1,Overall,124,1,
1,Overall,125,1,
1,Overall,126,1,
1,Overall,127,1,
1,Overall,128,1,
1,Overall,129,1,
1,Overall,130,1,
1,Overall,131,1,
1,Overall,132,1,
1,Overall,133,1.1,
1,Overall,134,1.1,
1,Overall,135,1.1,
1,Overall,136,1.1,
1,Overall,137,1.1,
1,Overall,138,1.1,
1,Overall,139,1.1,
1,Overall,140,1.1,
1,Overall,141,1.1,
1,Overall,142,1.1,
1,Overall,143,1.1,
1,Overall,144,1.1,
1,Overall,145,1.2,
1,Overall,146,1.2,
1,Overall,147,1.2,
1,Overall,148,1.2,
1,Overall,149,1.2,
1,Overall,150,1.2,
1,Overall,151,1.2,
1,Overall,152,1.2,
1,Overall,153,1.2,
1,Overall,154,1.2,
1,Overall,155,1.2,
1,Overall,156,1.2,
1,Overall,157,1.3,
1,Overall,158,1.3,
1,Overall,159,1.3,
1,Overall,160,1.3,
1,Overall,161,1.3,
1,Overall,162,1.3,
1,Overall,163,1.3,
1,Overall,164,1.3,
1,Overall,165,1.3,
1,Overall,166,1.3,
1,Overall,167,1.3,
1,Overall,168,1.3,
1,Overall,169,1.4,
1,Overall,170,1.4,
1,Overall,171,1.4,
1,Overall,172,1.4,
1,Overall,173,1.4,
1,Overall,174,1.4,
1,Overall,175,1.4,
1,Overall,176,1.4,
1,Overall,177,1.4,
1,Overall,178,1.4,
1,Overall,179,1.4,
1,Overall,180,1.4,
1,Overall,181,1.5,
1,Overall,182,1.5,
1,Overall,183,1.5,
1,Overall,184,1.5,
1,Overall,185,1.5,
1,Overall,186,1.5,
1,Overall,187,1.5,
1,Overall,188,1.5,
1,Overall,189,1.5,
1,Overall,190,1.5,
1,Overall,191,1.5,
1,Overall,192,1.5,
1,Overall,193,1.5,
1,Overall,194,1.6,
1,Overall,195,1.6,
1,Overall,196,1.6,
1,Overall,197,1.6,
1,Overall,198,1.6,
1,Overall,199,1.6,
1,Overall,200,1.6,
1,Overall,201,1.6,
1,Overall,202,1.6,
1,Overall,203,1.6,
1,Overall,204,1.6,
1,Overall,205,1.6,
1,Overall,206,1.7,
1,Overall,207,1.7,
1,Overall,208,1.7,
1,Overall,209,1.7,
1,Overall,210,1.7,
1,Overall,211,1.7,
1,Overall,212,1.7,
1,Overall,213,1.7,
1,Overall,214,1.7,
1,Overall,215,1.7,
1,Overall,216,1.7,
1,Overall,217,1.7,
1,Overall,218,1.8,
1,Overall,219,1.8,
1,Overall,220,1.8,
1,Overall,221,1.8,
1,Overall,222,1.8,
1,Overall,223,1.8,
1,Overall,224,1.8,
1,Overall,225,1.8,
1,Overall,226,1.8,
1,Overall,227,1.8,
1,Overall,228,1.8,
1,Overall,229,1.8,
1,Overall,230,1.9,
1,Overall,231,1.9,
1,Overall,232,1.9,
1,Overall,233,1.9,
1,Overall,234,1.9,
1,Overall,235,1.9,
1,Overall,236,1.9,
1,Overall,237,1.9,
1,Overall,238,1.9,
1,Overall,239,1.9,
1,Overall,240,1.9,
1,Overall,241,1.9,
1,Overall,242,2,
1,Overall,243,2,
1,Overall,244,2,
1,Overall,245,2,
1,Overall,246,2.1,
1,Overall,247,2.1,
1,Overall,248,2.1,
1,Overall,249,2.2,
1,Overall,250,2.2,
1,Overall,251,2.2,
1,Overall,252,2.3,
1,Overall,253,2.3,
1,Overall,254,2.3,
1,Overall,255,2.4,
1,Overall,256,2.4,
1,Overall,257,2.4,
1,Overall,258,2.5,
1,Overall,259,2.5,
1,Overall,260,2.5,
1,Overall,261,2.5,
1,Overall,262,2.6,
1,Overall,263,2.6,
1,Overall,264,2.6,
1,Overall,265,2.7,
1,Overall,266,2.7,
1,Overall,267,2.7,
1,Overall,268,2.8,
1,Overall,269,2.8,
1,Overall,270,2.8,
1,Overall,271,2.9,
1,Overall,272,2.9,
1,Overall,273,2.9,
1,Overall,274,3,
1,Overall,275,3,
1,Overall,276,3,
1,Overall,277,3,
1,Overall,278,3,
1,Overall,279,3.1,
1,Overall,280,3.1,
1,Overall,281,3.1,
1,Overall,282,3.1,
1,Overall,283,3.2,
1,Overall,284,3.2,
1,Overall,285,3.2,
1,Overall,286,3.2,
1,Overall,287,3.3,
1,Overall,288,3.3,
1,Overall,289,3.3,
1,Overall,290,3.3,
1,Overall,291,3.4,
1,Overall,292,3.4,
1,Overall,293,3.4,
1,Overall,294,3.4,
1,Overall,295,3.5,
1,Overall,296,3.5,
1,Overall,297,3.5,
1,Overall,298,3.5,
1,Overall,299,3.6,
1,Overall,300,3.6,
1,Overall,301,3.6,
1,Overall,302,3.6,
1,Overall,303,3.7,
1,Overall,304,3.7,
1,Overall,305,3.7,
1,Overall,306,3.7,
1,Overall,307,3.8,
1,Overall,308,3.8,
1,Overall,309,3.8,
1,Overall,310,3.8,
1,Overall,311,3.9,
1,Overall,312,3.9,
1,Overall,313,3.9,
1,Overall,314,3.9,
1,Overall,315,4,
1,Overall,316,4,
1,Overall,317,4,
1,Overall,318,4.1,
1,Overall,319,4.1,
1,Overall,320,4.1,
1,Overall,321,4.2,
1,Overall,322,4.2,
1,Overall,323,4.2,
1,Overall,324,4.3,
1,Overall,325,4.3,
1,Overall,326,4.3,
1,Overall,327,4.4,
1,Overall,328,4.4,
1,Overall,329,4.4,
1,Overall,330,4.5,
1,Overall,331,4.5,
1,Overall,332,4.5,
1,Overall,333,4.6,
1,Overall,334,4.6,
1,Overall,335,4.6,
1,Overall,336,4.7,
1,Overall,337,4.7,
1,Overall,338,4.7,
1,Overall,339,4.8,
1,Overall,340,4.8,
1,Overall,341,4.8,
1,Overall,342,4.9,
1,Overall,343,4.9,
1,Overall,344,5,
1,Overall,345,5,
1,Overall,346,5,
1,Overall,347,5.1,
1,Overall,348,5.1,
1,Overall,349,5.2,
1,Overall,350,5.2,
1,Overall,351,5.2,
1,Overall,352,5.3,
1,Overall,353,5.3,
1,Overall,354,5.4,
1,Overall,355,5.4,
1,Overall,356,5.5,
1,Overall,357,5.5,
1,Overall,358,5.5,
1,Overall,359,5.6,
1,Overall,360,5.6,
1,Overall,361,5.7,
1,Overall,362,5.7,
1,Overall,363,5.7,
1,Overall,364,5.8,
1,Overall,365,5.8,
1,Overall,366,5.9,
1,Overall,367,5.9,
1,Overall,368,6,
1,Overall,369,6,
1,Overall,370,6,
1,Overall,371,6,
1,Overall,372,6,
1,Overall,373,6,
1,Overall,374,6,
1,Overall,375,6,
1,Overall,376,6,
1,Overall,377,6,
1,Overall,378,6,
1,Overall,379,6,
1,Overall,380,6,
1,Overall,381,6,
1,Overall,382,6,
1,Overall,383,6,
1,Overall,384,6,
1,Overall,385,6,
1,Overall,386,6,
1,Overall,387,6,
1,Overall,388,6,
1,Overall,389,6,
1,Overall,390,6,
1,Overall,391,6,
1,Overall,392,6,
1,Overall,393,6,
1,Overall,394,6,
1,Overall,395,6,
1,Overall,396,6,
1,Overall,397,6,
1,Overall,398,6,
1,Overall,399,6,
1,Overall,400,6,
1,Overall,401,6,
1,Overall,402,6,
1,Overall,403,6,
1,Overall,404,6,
1,Overall,405,6,
1,Overall,406,6,
1,Overall,407,6,
1,Overall,408,6,
1,Overall,409,6,
1,Overall,410,6,
1,Overall,411,6,
1,Overall,412,6,
1,Overall,413,6,
1,Overall,414,6,
1,Overall,415,6,
1,Overall,416,6,
1,Overall,417,6,
1,Overall,418,6,
1,Overall,419,6,
1,Overall,420,6,
1,Overall,421,6,
1,Overall,422,6,
1,Overall,423,6,
1,Overall,424,6,
1,Overall,425,6,
1,Overall,426,6,
1,Overall,427,6,
1,Overall,428,6,
1,Overall,429,6,
1,Overall,430,6,
1,Overall,431,6,
1,Overall,432,6,
1,Overall,433,6,
1,Overall,434,6,
1,Overall,435,6,
1,Overall,436,6,
1,Overall,437,6,
1,Overall,438,6,
1,Overall,439,6,
1,Overall,440,6,
1,Overall,441,6,
1,Overall,442,6,
1,Overall,443,6,
1,Overall,444,6,
1,Overall,445,6,
1,Overall,446,6,
1,Overall,447,6,
1,Overall,448,6,
1,Overall,449,6,
1,Overall,450,6,
1,Overall,451,6,
1,Overall,452,6,
1,Overall,453,6,
1,Overall,454,6,
1,Overall,455,6,
1,Overall,456,6,
1,Overall,457,6,
1,Overall,458,6,
1,Overall,459,6,
1,Overall,460,6,
1,Overall,461,6,
1,Overall,462,6,
1,Overall,463,6,
1,Overall,464,6,
1,Overall,465,6,
1,Overall,466,6,
1,Overall,467,6,
1,Overall,468,6,
1,Overall,469,6,
1,Overall,470,6,
1,Overall,471,6,
1,Overall,472,6,
1,Overall,473,6,
1,Overall,474,6,
1,Overall,475,6,
1,Overall,476,6,
1,Overall,477,6,
1,Overall,478,6,
1,Overall,479,6,
1,Overall,480,6,
1,Overall,481,6,
1,Overall,482,6,
1,Overall,483,6,
1,Overall,484,6,
1,Overall,485,6,
1,Overall,486,6,
1,Overall,487,6,
1,Overall,488,6,
1,Overall,489,6,
1,Overall,490,6,
1,Overall,491,6,
1,Overall,492,6,
1,Overall,493,6,
1,Overall,494,6,
1,Overall,495,6,
1,Overall,496,6,
1,Overall,497,6,
1,Overall,498,6,
1,Overall,499,6,
1,Overall,500,6,
1,Overall,501,6,
1,Overall,502,6,
1,Overall,503,6,
1,Overall,504,6,
1,Overall,505,6,
1,Overall,506,6,
1,Overall,507,6,
1,Overall,508,6,
1,Overall,509,6,
1,Overall,510,6,
1,Overall,511,6,
1,Overall,512,6,
1,Overall,513,6,
1,Overall,514,6,
1,Overall,515,6,
1,Overall,516,6,
1,Overall,517,6,
1,Overall,518,6,
1,Overall,519,6,
1,Overall,520,6,
1,Overall,521,6,
1,Overall,522,6,
1,Overall,523,6,
1,Overall,524,6,
1,Overall,525,6,
1,Overall,526,6,
1,Overall,527,6,
1,Overall,528,6,
1,Overall,529,6,
1,Overall,530,6,
1,Overall,531,6,
1,Overall,532,6,
1,Overall,533,6,
1,Overall,534,6,
1,Overall,535,6,
1,Overall,536,6,
1,Overall,537,6,
1,Overall,538,6,
1,Overall,539,6,
1,Overall,540,6,
1,Overall,541,6,
1,Overall,542,6,
1,Overall,543,6,
1,Overall,544,6,
1,Overall,545,6,
1,Overall,546,6,
1,Overall,547,6,
1,Overall,548,6,
1,Overall,549,6,
1,Overall,550,6,
1,Overall,551,6,
1,Overall,552,6,
1,Overall,553,6,
1,Overall,554,6,
1,Overall,555,6,
1,Overall,556,6,
1,Overall,557,6,
1,Overall,558,6,
1,Overall,559,6,
1,Overall,560,6,
1,Overall,561,6,
1,Overall,562,6,
1,Overall,563,6,
1,Overall,564,6,
1,Overall,565,6,
1,Overall,566,6,
1,Overall,567,6,
1,Overall,568,6,
1,Overall,569,6,
1,Overall,570,6,
1,Overall,571,6,
1,Overall,572,6,
1,Overall,573,6,
1,Overall,574,6,
1,Overall,575,6,
1,Overall,576,6,
1,Overall,577,6,
1,Overall,578,6,
1,Overall,579,6,
1,Overall,580,6,
1,Overall,581,6,
1,Overall,582,6,
1,Overall,583,6,
1,Overall,584,6,
1,Overall,585,6,
1,Overall,586,6,
1,Overall,587,6,
1,Overall,588,6,
1,Overall,589,6,
1,Overall,590,6,
1,Overall,591,6,
1,Overall,592,6,
1,Overall,593,6,
1,Overall,594,6,
1,Overall,595,6,
1,Overall,596,6,
1,Overall,597,6,
1,Overall,598,6,
1,Overall,599,6,
1,Overall,600,6,
2,Overall,100,1,
2,Overall,101,1,
2,Overall,102,1,
2,Overall,103,1,
2,Overall,104,1,
2,Overall,105,1,
2,Overall,106,1,
2,Overall,107,1,
2,Overall,108,1,
2,Overall,109,1,
2,Overall,110,1,
2,Overall,111,1,
2,Overall,112,1,
2,Overall,113,1,
2,Overall,114,1,
2,Overall,115,1,
2,Overall,116,1,
2,Overall,117,1,
2,Overall,118,1,
2,Overall,119,1,
2,Overall,120,1,
2,Overall,121,1,
2,Overall,122,1,
2,Overall,123,1,
2,Overall,124,1,
2,Overall,125,1,
2,Overall,126,1,
2,Overall,127,1,
2,Overall,128,1,
2,Overall,129,1,
2,Overall,130,1,
2,Overall,131,1,
2,Overall,132,1,
2,Overall,133,1,
2,Overall,134,1,
2,Overall,135,1,
2,Overall,136,1,
2,Overall,137,1,
2,Overall,138,1,
2,Overall,139,1,
2,Overall,140,1,
2,Overall,141,1.1,
2,Overall,142,1.1,
2,Overall,143,1.1,
2,Overall,144,1.1,
2,Overall,145,1.1,
2,Overall,146,1.1,
2,Overall,147,1.1,
2,Overall,148,1.1,
2,Overall,149,1.1,
2,Overall,150,1.1,
2,Overall,151,1.1,
2,Overall,152,1.1,
2,Overall,153,1.1,
2,Overall,154,1.2,
2,Overall,155,1.2,
2,Overall,156,1.2,
2,Overall,157,1.2,
2,Overall,158,1.2,
2,Overall,159,1.2,
2,Overall,160,1.2,
2,Overall,161,1.2,
2,Overall,162,1.2,
2,Overall,163,1.2,
2,Overall,164,1.2,
2,Overall,165,1.2,
2,Overall,166,1.3,
2,Overall,167,1.3,
2,Overall,168,1.3,
2,Overall,169,1.3,
2,Overall,170,1.3,
2,Overall,171,1.3,
2,Overall,172,1.3,
2,Overall,173,1.3,
2,Overall,174,1.3,
2,Overall,175,1.3,
2,Overall,176,1.3,
2,Overall,177,1.3,
2,Overall,178,1.3,
2,Overall,179,1.4,
2,Overall,180,1.4,
2,Overall,181,1.4,
2,Overall,182,1.4,
2,Overall,183,1.4,
2,Overall,184,1.4,
2,Overall,185,1.4,
2,Overall,186,1.4,
2,Overall,187,1.4,
2,Overall,188,1.4,
2,Overall,189,1.4,
2,Overall,190,1.4,
2,Overall,191,1.5,
2,Overall,192,1.5,
2,Overall,193,1.5,
2,Overall,194,1.5,
2,Overall,195,1.5,
2,Overall,196,1.5,
2,Overall,197,1.5,
2,Overall,198,1.5,
2,Overall,199,1.5,
2,Overall,200,1.5,
2,Overall,201,1.5,
2,Overall,202,1.5,
2,Overall,203,1.5,
2,Overall,204,1.6,
2,Overall,205,1.6,
2,Overall,206,1.6,
2,Overall,207,1.6,
2,Overall,208,1.6,
2,Overall,209,1.6,
2,Overall,210,1.6,
2,Overall,211,1.6,
2,Overall,212,1.6,
2,Overall,213,1.6,
2,Overall,214,1.6,
2,Overall,215,1.6,
2,Overall,216,1.6,
2,Overall,217,1.7,
2,Overall,218,1.7,
2,Overall,219,1.7,
2,Overall,220,1.7,
2,Overall,221,1.7,
2,Overall,222,1.7,
2,Overall,223,1.7,
2,Overall,224,1.7,
2,Overall,225,1.7,
2,Overall,226,1.7,
2,Overall,227,1.7,
2,Overall,228,1.7,
2,Overall,229,1.8,
2,Overall,230,1.8,
2,Overall,231,1.8,
2,Overall,232,1.8,
2,Overall,233,1.8,
2,Overall,234,1.8,
2,Overall,235,1.8,
2,Overall,236,1.8,
2,Overall,237,1.8,
2,Overall,238,1.8,
2,Overall,239,1.8,
2,Overall,240,1.8,
2,Overall,241,1.8,
2,Overall,242,1.9,
2,Overall,243,1.9,
2,Overall,244,1.9,
2,Overall,245,1.9,
2,Overall,246,1.9,
2,Overall,247,1.9,
2,Overall,248,1.9,
2,Overall,249,1.9,
2,Overall,250,1.9,
2,Overall,251,1.9,
2,Overall,252,1.9,
2,Overall,253,1.9,
2,Overall,254,2,
2,Overall,255,2,
2,Overall,256,2,
2,Overall,257,2,
2,Overall,258,2.1,
2,Overall,259,2.1,
2,Overall,260,2.1,
2,Overall,261,2.2,
2,Overall,262,2.2,
2,Overall,263,2.2,
2,Overall,264,2.2,
2,Overall,265,2.3,
2,Overall,266,2.3,
2,Overall,267,2.3,
2,Overall,268,2.4,
2,Overall,269,2.4,
2,Overall,270,2.4,
2,Overall,271,2.4,
2,Overall,272,2.5,
2,Overall,273,2.5,
2,Overall,274,2.5,
2,Overall,275,2.6,
2,Overall,276,2.6,
2,Overall,277,2.6,
2,Overall,278,2.6,
2,Overall,279,2.7,
2,Overall,280,2.7,
2,Overall,281,2.7,
2,Overall,282,2.8,
2,Overall,283,2.8,
2,Overall,284,2.8,
2,Overall,285,2.8,
2,Overall,286,2.9,
2,Overall,287,2.9,
2,Overall,288,2.9,
2,Overall,289,3,
2,Overall,290,3,
2,Overall,291,3,
2,Overall,292,3,
2,Overall,293,3.1,
2,Overall,294,3.1,
2,Overall,295,3.1,
2,Overall,296,3.1,
2,Overall,297,3.2,
2,Overall,298,3.2,
2,Overall,299,3.2,
2,Overall,300,3.2,
2,Overall,301,3.3,
2,Overall,302,3.3,
2,Overall,303,3.3,
2,Overall,304,3.3,
2,Overall,305,3.4,
2,Overall,306,3.4,
2,Overall,307,3.4,
2,Overall,308,3.4,
2,Overall,309,3.5,
2,Overall,310,3.5,
2,Overall,311,3.5,
2,Overall,312,3.5,
2,Overall,313,3.6,
2,Overall,314,3.6,
2,Overall,315,3.6,
2,Overall,316,3.6,
2,Overall,317,3.7,
2,Overall,318,3.7,
2,Overall,319,3.7,
2,Overall,320,3.7,
2,Overall,321,3.8,
2,Overall,322,3.8,
2,Overall,323,3.8,
2,Overall,324,3.8,
2,Overall,325,3.9,
2,Overall,326,3.9,
2,Overall,327,3.9,
2,Overall,328,3.9,
2,Overall,329,4,
2,Overall,330,4,
2,Overall,331,4,
2,Overall,332,4.1,
2,Overall,333,4.1,
2,Overall,334,4.1,
2,Overall,335,4.2,
2,Overall,336,4.2,
2,Overall,337,4.2,
2,Overall,338,4.3,
2,Overall,339,4.3,
2,Overall,340,4.3,
2,Overall,341,4.4,
2,Overall,342,4.4,
2,Overall,343,4.4,
2,Overall,344,4.5,
2,Overall,345,4.5,
2,Overall,346,4.5,
2,Overall,347,4.6,
2,Overall,348,4.6,
2,Overall,349,4.6,
2,Overall,350,4.7,
2,Overall,351,4.7,
2,Overall,352,4.7,
2,Overall,353,4.8,
2,Overall,354,4.8,
2,Overall,355,4.8,
2,Overall,356,4.9,
2,Overall,357,4.9,
2,Overall,358,4.9,
2,Overall,359,5,
2,Overall,360,5,
2,Overall,361,5,
2,Overall,362,5.1,
2,Overall,363,5.1,
2,Overall,364,5.2,
2,Overall,365,5.2,
2,Overall,366,5.2,
2,Overall,367,5.3,
2,Overall,368,5.3,
2,Overall,369,5.4,
2,Overall,370,5.4,
2,Overall,371,5.5,
2,Overall,372,5.5,
2,Overall,373,5.5,
2,Overall,374,5.6,
2,Overall,375,5.6,
2,Overall,376,5.7,
2,Overall,377,5.7,
2,Overall,378,5.7,
2,Overall,379,5.8,
2,Overall,380,5.8,
2,Overall,381,5.9,
2,Overall,382,5.9,
2,Overall,383,6,
2,Overall,384,6,
2,Overall,385,6,
2,Overall,386,6,
2,Overall,387,6,
2,Overall,388,6,
2,Overall,389,6,
2,Overall,390,6,
2,Overall,391,6,
2,Overall,392,6,
2,Overall,393,6,
2,Overall,394,6,
2,Overall,395,6,
2,Overall,396,6,
2,Overall,397,6,
2,Overall,398,6,
2,Overall,399,6,
2,Overall,400,6,
2,Overall,401,6,
2,Overall,402,6,
2,Overall,403,6,
2,Overall,404,6,
2,Overall,405,6,
2,Overall,406,6,
2,Overall,407,6,
2,Overall,408,6,
2,Overall,409,6,
2,Overall,410,6,
2,Overall,411,6,
2,Overall,412,6,
2,Overall,413,6,
2,Overall,414,6,
2,Overall,415,6,
2,Overall,416,6,
2,Overall,417,6,
2,Overall,418,6,
2,Overall,419,6,
2,Overall,420,6,
2,Overall,421,6,
2,Overall,422,6,
2,Overall,423,6,
2,Overall,424,6,
2,Overall,425,6,
2,Overall,426,6,
2,Overall,427,6,
2,Overall,428,6,
2,Overall,429,6,
2,Overall,430,6,
2,Overall,431,6,
2,Overall,432,6,
2,Overall,433,6,
2,Overall,434,6,
2,Overall,435,6,
2,Overall,436,6,
2,Overall,437,6,
2,Overall,438,6,
2,Overall,439,6,
2,Overall,440,6,
2,Overall,441,6,
2,Overall,442,6,
2,Overall,443,6,
2,Overall,444,6,
2,Overall,445,6,
2,Overall,446,6,
2,Overall,447,6,
2,Overall,448,6,
2,Overall,449,6,
2,Overall,450,6,
2,Overall,451,6,
2,Overall,452,6,
2,Overall,453,6,
2,Overall,454,6,
2,Overall,455,6,
2,Overall,456,6,
2,Overall,457,6,
2,Overall,458,6,
2,Overall,459,6,
2,Overall,460,6,
2,Overall,461,6,
2,Overall,462,6,
2,Overall,463,6,
2,Overall,464,6,
2,Overall,465,6,
2,Overall,466,6,
2,Overall,467,6,
2,Overall,468,6,
2,Overall,469,6,
2,Overall,470,6,
2,Overall,471,6,
2,Overall,472,6,
2,Overall,473,6,
2,Overall,474,6,
2,Overall,475,6,
2,Overall,476,6,
2,Overall,477,6,
2,Overall,478,6,
2,Overall,479,6,
2,Overall,480,6,
2,Overall,481,6,
2,Overall,482,6,
2,Overall,483,6,
2,Overall,484,6,
2,Overall,485,6,
2,Overall,486,6,
2,Overall,487,6,
2,Overall,488,6,
2,Overall,489,6,
2,Overall,490,6,
2,Overall,491,6,
2,Overall,492,6,
2,Overall,493,6,
2,Overall,494,6,
2,Overall,495,6,
2,Overall,496,6,
2,Overall,497,6,
2,Overall,498,6,
2,Overall,499,6,
2,Overall,500,6,
2,Overall,501,6,
2,Overall,502,6,
2,Overall,503,6,
2,Overall,504,6,
2,Overall,505,6,
2,Overall,506,6,
2,Overall,507,6,
2,Overall,508,6,
2,Overall,509,6,
2,Overall,510,6,
2,Overall,511,6,
2,Overall,512,6,
2,Overall,513,6,
2,Overall,514,6,
2,Overall,515,6,
2,Overall,516,6,
2,Overall,517,6,
2,Overall,518,6,
2,Overall,519,6,
2,Overall,520,6,
2,Overall,521,6,
2,Overall,522,6,
2,Overall,523,6,
2,Overall,524,6,
2,Overall,525,6,
2,Overall,526,6,
2,Overall,527,6,
2,Overall,528,6,
2,Overall,529,6,
2,Overall,530,6,
2,Overall,531,6,
2,Overall,532,6,
2,Overall,533,6,
2,Overall,534,6,
2,Overall,535,6,
2,Overall,536,6,
2,Overall,537,6,
2,Overall,538,6,
2,Overall,539,6,
2,Overall,540,6,
2,Overall,541,6,
2,Overall,542,6,
2,Overall,543,6,
2,Overall,544,6,
2,Overall,545,6,
2,Overall,546,6,
2,Overall,547,6,
2,Overall,548,6,
2,Overall,549,6,
2,Overall,550,6,
2,Overall,551,6,
2,Overall,552,6,
2,Overall,553,6,
2,Overall,554,6,
2,Overall,555,6,
2,Overall,556,6,
2,Overall,557,6,
2,Overall,558,6,
2,Overall,559,6,
2,Overall,560,6,
2,Overall,561,6,
2,Overall,562,6,
2,Overall,563,6,
2,Overall,564,6,
2,Overall,565,6,
2,Overall,566,6,
2,Overall,567,6,
2,Overall,568,6,
2,Overall,569,6,
2,Overall,570,6,
2,Overall,571,6,
2,Overall,572,6,
2,Overall,573,6,
2,Overall,574,6,
2,Overall,575,6,
2,Overall,576,6,
2,Overall,577,6,
2,Overall,578,6,
2,Overall,579,6,
2,Overall,580,6,
2,Overall,581,6,
2,Overall,582,6,
2,Overall,583,6,
2,Overall,584,6,
2,Overall,585,6,
2,Overall,586,6,
2,Overall,587,6,
2,Overall,588,6,
2,Overall,589,6,
2,Overall,590,6,
2,Overall,591,6,
2,Overall,592,6,
2,Overall,593,6,
2,Overall,594,6,
2,Overall,595,6,
2,Overall,596,6,
2,Overall,597,6,
2,Overall,598,6,
2,Overall,599,6,
2,Overall,600,6,
3,Overall,100,1,
3,Overall,101,1,
3,Overall,102,1,
3,Overall,103,1,
3,Overall,104,1,
3,Overall,105,1,
3,Overall,106,1,
3,Overall,107,1,
3,Overall,108,1,
3,Overall,109,1,
3,Overall,110,1,
3,Overall,111,1,
3,Overall,112,1,
3,Overall,113,1,
3,Overall,114,1,
3,Overall,115,1,
3,Overall,116,1,
3,Overall,117,1,
3,Overall,118,1,
3,Overall,119,1,
3,Overall,120,1,
3,Overall,121,1,
3,Overall,122,1,
3,Overall,123,1,
3,Overall,124,1,
3,Overall,125,1,
3,Overall,126,1,
3,Overall,127,1,
3,Overall,128,1,
3,Overall,129,1,
3,Overall,130,1,
3,Overall,131,1,
3,Overall,132,1,
3,Overall,133,1,
3,Overall,134,1,
3,Overall,135,1,
3,Overall,136,1,
3,Overall,137,1,
3,Overall,138,1,
3,Overall,139,1,
3,Overall,140,1,
3,Overall,141,1,
3,Overall,142,1,
3,Overall,143,1,
3,Overall,144,1,
3,Overall,145,1,
3,Overall,146,1,
3,Overall,147,1,
3,Overall,148,1,
3,Overall,149,1.1,
3,Overall,150,1.1,
3,Overall,151,1.1,
3,Overall,152,1.1,
3,Overall,153,1.1,
3,Overall,154,1.1,
3,Overall,155,1.1,
3,Overall,156,1.1,
3,Overall,157,1.1,
3,Overall,158,1.1,
3,Overall,159,1.1,
3,Overall,160,1.1,
3,Overall,161,1.1,
3,Overall,162,1.2,
3,Overall,163,1.2,
3,Overall,164,1.2,
3,Overall,165,1.2,
3,Overall,166,1.2,
3,Overall,167,1.2,
3,Overall,168,1.2,
3,Overall,169,1.2,
3,Overall,170,1.2,
3,Overall,171,1.2,
3,Overall,172,1.2,
3,Overall,173,1.2,
3,Overall,174,1.2,
3,Overall,175,1.3,
3,Overall,176,1.3,
3,Overall,177,1.3,
3,Overall,178,1.3,
3,Overall,179,1.3,
3,Overall,180,1.3,
3,Overall,181,1.3,
3,Overall,182,1.3,
3,Overall,183,1.3,
3,Overall,184,1.3,
3,Overall,185,1.3,
3,Overall,186,1.3,
3,Overall,187,1.3,
3,Overall,188,1.4,
3,Overall,189,1.4,
3,Overall,190,1.4,
3,Overall,191,1.4,
3,Overall,192,1.4,
3,Overall,193,1.4,
3,Overall,194,1.4,
3,Overall,195,1.4,
3,Overall,196,1.4,
3,Overall,197,1.4,
3,Overall,198,1.4,
3,Overall,199,1.4,
3,Overall,200,1.4,
3,Overall,201,1.5,
3,Overall,202,1.5,
3,Overall,203,1.5,
3,Overall,204,1.5,
3,Overall,205,1.5,
3,Overall,206,1.5,
3,Overall,207,1.5,
3,Overall,208,1.5,
3,Overall,209,1.5,
3,Overall,210,1.5,
3,Overall,211,1.5,
3,Overall,212,1.5,
3,Overall,213,1.5,
3,Overall,214,1.6,
3,Overall,215,1.6,
3,Overall,216,1.6,
3,Overall,217,1.6,
3,Overall,218,1.6,
3,Overall,219,1.6,
3,Overall,220,1.6,
3,Overall,221,1.6,
3,Overall,222,1.6,
3,Overall,223,1.6,
3,Overall,224,1.6,
3,Overall,225,1.6,
3,Overall,226,1.6,
3,Overall,227,1.7,
3,Overall,228,1.7,
3,Overall,229,1.7,
3,Overall,230,1.7,
3,Overall,231,1.7,
3,Overall,232,1.7,
3,Overall,233,1.7,
3,Overall,234,1.7,
3,Overall,235,1.7,
3,Overall,236,1.7,
3,Overall,237,1.7,
3,Overall,238,1.7,
3,Overall,239,1.7,
3,Overall,240,1.8,
3,Overall,241,1.8,
3,Overall,242,1.8,
3,Overall,243,1.8,
3,Overall,244,1.8,
3,Overall,245,1.8,
3,Overall,246,1.8,
3,Overall,247,1.8,
3,Overall,248,1.8,
3,Overall,249,1.8,
3,Overall,250,1.8,
3,Overall,251,1.8,
3,Overall,252,1.8,
3,Overall,253,1.9,
3,Overall,254,1.9,
3,Overall,255,1.9,
3,Overall,256,1.9,
3,Overall,257,1.9,
3,Overall,258,1.9,
3,Overall,259,1.9,
3,Overall,260,1.9,
3,Overall,261,1.9,
3,Overall,262,1.9,
3,Overall,263,1.9,
3,Overall,264,1.9,
3,Overall,265,2,
3,Overall,266,2,
3,Overall,267,2,
3,Overall,268,2,
3,Overall,269,2.1,
3,Overall,270,2.1,
3,Overall,271,2.1,
3,Overall,272,2.2,
3,Overall,273,2.2,
3,Overall,274,2.2,
3,Overall,275,2.2,
3,Overall,276,2.3,
3,Overall,277,2.3,
3,Overall,278,2.3,
3,Overall,279,2.4,
3,Overall,280,2.4,
3,Overall,281,2.4,
3,Overall,282,2.4,
3,Overall,283,2.5,
3,Overall,284,2.5,
3,Overall,285,2.5,
3,Overall,286,2.6,
3,Overall,287,2.6,
3,Overall,288,2.6,
3,Overall,289,2.6,
3,Overall,290,2.7,
3,Overall,291,2.7,
3,Overall,292,2.7,
3,Overall,293,2.8,
3,Overall,294,2.8,
3,Overall,295,2.8,
3,Overall,296,2.8,
3,Overall,297,2.9,
3,Overall,298,2.9,
3,Overall,299,2.9,
3,Overall,300,3,
3,Overall,301,3,
3,Overall,302,3,
3,Overall,303,3,
3,Overall,304,3.1,
3,Overall,305,3.1,
3,Overall,306,3.1,
3,Overall,307,3.1,
3,Overall,308,3.2,
3,Overall,309,3.2,
3,Overall,310,3.2,
3,Overall,311,3.2,
3,Overall,312,3.3,
3,Overall,313,3.3,
3,Overall,314,3.3,
3,Overall,315,3.3,
3,Overall,316,3.4,
3,Overall,317,3.4,
3,Overall,318,3.4,
3,Overall,319,3.4,
3,Overall,320,3.5,
3,Overall,321,3.5,
3,Overall,322,3.5,
3,Overall,323,3.5,
3,Overall,324,3.6,
3,Overall,325,3.6,
3,Overall,326,3.6,
3,Overall,327,3.6,
3,Overall,328,3.7,
3,Overall,329,3.7,
3,Overall,330,3.7,
3,Overall,331,3.7,
3,Overall,332,3.8,
3,Overall,333,3.8,
3,Overall,334,3.8,
3,Overall,335,3.8,
3,Overall,336,3.9,
3,Overall,337,3.9,
3,Overall,338,3.9,
3,Overall,339,3.9,
3,Overall,340,4,
3,Overall,341,4,
3,Overall,342,4,
3,Overall,343,4,
3,Overall,344,4.1,
3,Overall,345,4.1,
3,Overall,346,4.1,
3,Overall,347,4.2,
3,Overall,348,4.2,
3,Overall,349,4.2,
3,Overall,350,4.3,
3,Overall,351,4.3,
3,Overall,352,4.3,
3,Overall,353,4.4,
3,Overall,354,4.4,
3,Overall,355,4.4,
3,Overall,356,4.5,
3,Overall,357,4.5,
3,Overall,358,4.5,
3,Overall,359,4.6,
3,Overall,360,4.6,
3,Overall,361,4.6,
3,Overall,362,4.7,
3,Overall,363,4.7,
3,Overall,364,4.7,
3,Overall,365,4.8,
3,Overall,366,4.8,
3,Overall,367,4.8,
3,Overall,368,4.9,
3,Overall,369,4.9,
3,Overall,370,4.9,
3,Overall,371,5,
3,Overall,372,5,
3,Overall,373,5,
3,Overall,374,5.1,
3,Overall,375,5.1,
3,Overall,376,5.2,
3,Overall,377,5.2,
3,Overall,378,5.2,
3,Overall,379,5.3,
3,Overall,380,5.3,
3,Overall,381,5.4,
3,Overall,382,5.4,
3,Overall,383,5.4,
3,Overall,384,5.5,
3,Overall,385,5.5,
3,Overall,386,5.6,
3,Overall,387,5.6,
3,Overall,388,5.6,
3,Overall,389,5.7,
3,Overall,390,5.7,
3,Overall,391,5.8,
3,Overall,392,5.8,
3,Overall,393,5.8,
3,Overall,394,5.9,
3,Overall,395,5.9,
3,Overall,396,6,
3,Overall,397,6,
3,Overall,398,6,
3,Overall,399,6,
3,Overall,400,6,
3,Overall,401,6,
3,Overall,402,6,
3,Overall,403,6,
3,Overall,404,6,
3,Overall,405,6,
3,Overall,406,6,
3,Overall,407,6,
3,Overall,408,6,
3,Overall,409,6,
3,Overall,410,6,
3,Overall,411,6,
3,Overall,412,6,
3,Overall,413,6,
3,Overall,414,6,
3,Overall,415,6,
3,Overall,416,6,
3,Overall,417,6,
3,Overall,418,6,
3,Overall,419,6,
3,Overall,420,6,
3,Overall,421,6,
3,Overall,422,6,
3,Overall,423,6,
3,Overall,424,6,
3,Overall,425,6,
3,Overall,426,6,
3,Overall,427,6,
3,Overall,428,6,
3,Overall,429,6,
3,Overall,430,6,
3,Overall,431,6,
3,Overall,432,6,
3,Overall,433,6,
3,Overall,434,6,
3,Overall,435,6,
3,Overall,436,6,
3,Overall,437,6,
3,Overall,438,6,
3,Overall,439,6,
3,Overall,440,6,
3,Overall,441,6,
3,Overall,442,6,
3,Overall,443,6,
3,Overall,444,6,
3,Overall,445,6,
3,Overall,446,6,
3,Overall,447,6,
3,Overall,448,6,
3,Overall,449,6,
3,Overall,450,6,
3,Overall,451,6,
3,Overall,452,6,
3,Overall,453,6,
3,Overall,454,6,
3,Overall,455,6,
3,Overall,456,6,
3,Overall,457,6,
3,Overall,458,6,
3,Overall,459,6,
3,Overall,460,6,
3,Overall,461,6,
3,Overall,462,6,
3,Overall,463,6,
3,Overall,464,6,
3,Overall,465,6,
3,Overall,466,6,
3,Overall,467,6,
3,Overall,468,6,
3,Overall,469,6,
3,Overall,470,6,
3,Overall,471,6,
3,Overall,472,6,
3,Overall,473,6,
3,Overall,474,6,
3,Overall,475,6,
3,Overall,476,6,
3,Overall,477,6,
3,Overall,478,6,
3,Overall,479,6,
3,Overall,480,6,
3,Overall,481,6,
3,Overall,482,6,
3,Overall,483,6,
3,Overall,484,6,
3,Overall,485,6,
3,Overall,486,6,
3,Overall,487,6,
3,Overall,488,6,
3,Overall,489,6,
3,Overall,490,6,
3,Overall,491,6,
3,Overall,492,6,
3,Overall,493,6,
3,Overall,494,6,
3,Overall,495,6,
3,Overall,496,6,
3,Overall,497,6,
3,Overall,498,6,
3,Overall,499,6,
3,Overall,500,6,
3,Overall,501,6,
3,Overall,502,6,
3,Overall,503,6,
3,Overall,504,6,
3,Overall,505,6,
3,Overall,506,6,
3,Overall,507,6,
3,Overall,508,6,
3,Overall,509,6,
3,Overall,510,6,
3,Overall,511,6,
3,Overall,512,6,
3,Overall,513,6,
3,Overall,514,6,
3,Overall,515,6,
3,Overall,516,6,
3,Overall,517,6,
3,Overall,518,6,
3,Overall,519,6,
3,Overall,520,6,
3,Overall,521,6,
3,Overall,522,6,
3,Overall,523,6,
3,Overall,524,6,
3,Overall,525,6,
3,Overall,526,6,
3,Overall,527,6,
3,Overall,528,6,
3,Overall,529,6,
3,Overall,530,6,
3,Overall,531,6,
3,Overall,532,6,
3,Overall,533,6,
3,Overall,534,6,
3,Overall,535,6,
3,Overall,536,6,
3,Overall,537,6,
3,Overall,538,6,
3,Overall,539,6,
3,Overall,540,6,
3,Overall,541,6,
3,Overall,542,6,
3,Overall,543,6,
3,Overall,544,6,
3,Overall,545,6,
3,Overall,546,6,
3,Overall,547,6,
3,Overall,548,6,
3,Overall,549,6,
3,Overall,550,6,
3,Overall,551,6,
3,Overall,552,6,
3,Overall,553,6,
3,Overall,554,6,
3,Overall,555,6,
3,Overall,556,6,
3,Overall,557,6,
3,Overall,558,6,
3,Overall,559,6,
3,Overall,560,6,
3,Overall,561,6,
3,Overall,562,6,
3,Overall,563,6,
3,Overall,564,6,
3,Overall,565,6,
3,Overall,566,6,
3,Overall,567,6,
3,Overall,568,6,
3,Overall,569,6,
3,Overall,570,6,
3,Overall,571,6,
3,Overall,572,6,
3,Overall,573,6,
3,Overall,574,6,
3,Overall,575,6,
3,Overall,576,6,
3,Overall,577,6,
3,Overall,578,6,
3,Overall,579,6,
3,Overall,580,6,
3,Overall,581,6,
3,Overall,582,6,
3,Overall,583,6,
3,Overall,584,6,
3,Overall,585,6,
3,Overall,586,6,
3,Overall,587,6,
3,Overall,588,6,
3,Overall,589,6,
3,Overall,590,6,
3,Overall,591,6,
3,Overall,592,6,
3,Overall,593,6,
3,Overall,594,6,
3,Overall,595,6,
3,Overall,596,6,
3,Overall,597,6,
3,Overall,598,6,
3,Overall,599,6,
3,Overall,600,6,
4,Overall,100,1,
4,Overall,101,1,
4,Overall,102,1,
4,Overall,103,1,
4,Overall,104,1,
4,Overall,105,1,
4,Overall,106,1,
4,Overall,107,1,
4,Overall,108,1,
4,Overall,109,1,
4,Overall,110,1,
4,Overall,111,1,
4,Overall,112,1,
4,Overall,113,1,
4,Overall,114,1,
4,Overall,115,1,
4,Overall,116,1,
4,Overall,117,1,
4,Overall,118,1,
4,Overall,119,1,
4,Overall,120,1,
4,Overall,121,1,
4,Overall,122,1,
4,Overall,123,1,
4,Overall,124,1,
4,Overall,125,1,
4,Overall,126,1,
4,Overall,127,1,
4,Overall,128,1,
4,Overall,129,1,
4,Overall,130,1,
4,Overall,131,1,
4,Overall,132,1,
4,Overall,133,1,
4,Overall,134,1,
4,Overall,135,1,
4,Overall,136,1,
4,Overall,137,1,
4,Overall,138,1,
4,Overall,139,1,
4,Overall,140,1,
4,Overall,141,1,
4,Overall,142,1,
4,Overall,143,1,
4,Overall,144,1,
4,Overall,145,1,
4,Overall,146,1,
4,Overall,147,1,
4,Overall,148,1,
4,Overall,149,1,
4,Overall,150,1,
4,Overall,151,1,
4,Overall,152,1,
4,Overall,153,1,
4,Overall,154,1,
4,Overall,155,1,
4,Overall,156,1,
4,Overall,157,1,
4,Overall,158,1,
4,Overall,159,1.1,
4,Overall,160,1.1,
4,Overall,161,1.1,
4,Overall,162,1.1,
4,Overall,163,1.1,
4,Overall,164,1.1,
4,Overall,165,1.1,
4,Overall,166,1.1,
4,Overall,167,1.1,
4,Overall,168,1.1,
4,Overall,169,1.1,
4,Overall,170,1.1,
4,Overall,171,1.1,
4,Overall,172,1.2,
4,Overall,173,1.2,
4,Overall,174,1.2,
4,Overall,175,1.2,
4,Overall,176,1.2,
4,Overall,177,1.2,
4,Overall,178,1.2,
4,Overall,179,1.2,
4,Overall,180,1.2,
4,Overall,181,1.2,
4,Overall,182,1.2,
4,Overall,183,1.2,
4,Overall,184,1.2,
4,Overall,185,1.2,
4,Overall,186,1.3,
4,Overall,187,1.3,
4,Overall,188,1.3,
4,Overall,189,1.3,
4,Overall,190,1.3,
4,Overall,191,1.3,
4,Overall,192,1.3,
4,Overall,193,1.3,
4,Overall,194,1.3,
4,Overall,195,1.3,
4,Overall,196,1.3,
4,Overall,197,1.3,
4,Overall,198,1.3,
4,Overall,199,1.4,
4,Overall,200,1.4,
4,Overall,201,1.4,
4,Overall,202,1.4,
4,Overall,203,1.4,
4,Overall,204,1.4,
4,Overall,205,1.4,
4,Overall,206,1.4,
4,Overall,207,1.4,
4,Overall,208,1.4,
4,Overall,209,1.4,
4,Overall,210,1.4,
4,Overall,211,1.4,
4,Overall,212,1.5,
4,Overall,213,1.5,
4,Overall,214,1.5,
4,Overall,215,1.5,
4,Overall,216,1.5,
4,Overall,217,1.5,
4,Overall,218,1.5,
4,Overall,219,1.5,
4,Overall,220,1.5,
4,Overall,221,1.5,
4,Overall,222,1.5,
4,Overall,223,1.5,
4,Overall,224,1.5,
4,Overall,225,1.5,
4,Overall,226,1.6,
4,Overall,227,1.6,
4,Overall,228,1.6,
4,Overall,229,1.6,
4,Overall,230,1.6,
4,Overall,231,1.6,
4,Overall,232,1.6,
4,Overall,233,1.6,
4,Overall,234,1.6,
4,Overall,235,1.6,
4,Overall,236,1.6,
4,Overall,237,1.6,
4,Overall,238,1.6,
4,Overall,239,1.7,
4,Overall,240,1.7,
4,Overall,241,1.7,
4,Overall,242,1.7,
4,Overall,243,1.7,
4,Overall,244,1.7,
4,Overall,245,1.7,
4,Overall,246,1.7,
4,Overall,247,1.7,
4,Overall,248,1.7,
4,Overall,249,1.7,
4,Overall,250,1.7,
4,Overall,251,1.7,
4,Overall,252,1.7,
4,Overall,253,1.8,
4,Overall,254,1.8,
4,Overall,255,1.8,
4,Overall,256,1.8,
4,Overall,257,1.8,
4,Overall,258,1.8,
4,Overall,259,1.8,
4,Overall,260,1.8,
4,Overall,261,1.8,
4,Overall,262,1.8,
4,Overall,263,1.8,
4,Overall,264,1.8,
4,Overall,265,1.8,
4,Overall,266,1.9,
4,Overall,267,1.9,
4,Overall,268,1.9,
4,Overall,269,1.9,
4,Overall,270,1.9,
4,Overall,271,1.9,
4,Overall,272,1.9,
4,Overall,273,1.9,
4,Overall,274,1.9,
4,Overall,275,1.9,
4,Overall,276,1.9,
4,Overall,277,1.9,
4,Overall,278,1.9,
4,Overall,279,2,
4,Overall,280,2,
4,Overall,281,2,
4,Overall,282,2.1,
4,Overall,283,2.1,
4,Overall,284,2.1,
4,Overall,285,2.2,
4,Overall,286,2.2,
4,Overall,287,2.2,
4,Overall,288,2.3,
4,Overall,289,2.3,
4,Overall,290,2.3,
4,Overall,291,2.4,
4,Overall,292,2.4,
4,Overall,293,2.4,
4,Overall,294,2.5,
4,Overall,295,2.5,
4,Overall,296,2.5,
4,Overall,297,2.6,
4,Overall,298,2.6,
4,Overall,299,2.6,
4,Overall,300,2.7,
4,Overall,301,2.7,
4,Overall,302,2.7,
4,Overall,303,2.8,
4,Overall,304,2.8,
4,Overall,305,2.8,
4,Overall,306,2.9,
4,Overall,307,2.9,
4,Overall,308,2.9,
4,Overall,309,3,
4,Overall,310,3,
4,Overall,311,3,
4,Overall,312,3,
4,Overall,313,3,
4,Overall,314,3.1,
4,Overall,315,3.1,
4,Overall,316,3.1,
4,Overall,317,3.1,
4,Overall,318,3.2,
4,Overall,319,3.2,
4,Overall,320,3.2,
4,Overall,321,3.2,
4,Overall,322,3.3,
4,Overall,323,3.3,
4,Overall,324,3.3,
4,Overall,325,3.3,
4,Overall,326,3.4,
4,Overall,327,3.4,
4,Overall,328,3.4,
4,Overall,329,3.4,
4,Overall,330,3.5,
4,Overall,331,3.5,
4,Overall,332,3.5,
4,Overall,333,3.5,
4,Overall,334,3.6,
4,Overall,335,3.6,
4,Overall,336,3.6,
4,Overall,337,3.6,
4,Overall,338,3.7,
4,Overall,339,3.7,
4,Overall,340,3.7,
4,Overall,341,3.7,
4,Overall,342,3.8,
4,Overall,343,3.8,
4,Overall,344,3.8,
4,Overall,345,3.8,
4,Overall,346,3.9,
4,Overall,347,3.9,
4,Overall,348,3.9,
4,Overall,349,3.9,
4,Overall,350,4,
4,Overall,351,4,
4,Overall,352,4,
4,Overall,353,4,
4,Overall,354,4.1,
4,Overall,355,4.1,
4,Overall,356,4.1,
4,Overall,357,4.2,
4,Overall,358,4.2,
4,Overall,359,4.2,
4,Overall,360,4.3,
4,Overall,361,4.3,
4,Overall,362,4.3,
4,Overall,363,4.4,
4,Overall,364,4.4,
4,Overall,365,4.4,
4,Overall,366,4.5,
4,Overall,367,4.5,
4,Overall,368,4.5,
4,Overall,369,4.5,
4,Overall,370,4.6,
4,Overall,371,4.6,
4,Overall,372,4.6,
4,Overall,373,4.7,
4,Overall,374,4.7,
4,Overall,375,4.7,
4,Overall,376,4.8,
4,Overall,377,4.8,
4,Overall,378,4.8,
4,Overall,379,4.9,
4,Overall,380,4.9,
4,Overall,381,4.9,
4,Overall,382,5,
4,Overall,383,5,
4,Overall,384,5,
4,Overall,385,5.1,
4,Overall,386,5.1,
4,Overall,387,5.2,
4,Overall,388,5.2,
4,Overall,389,5.2,
4,Overall,390,5.3,
4,Overall,391,5.3,
4,Overall,392,5.4,
4,Overall,393,5.4,
4,Overall,394,5.5,
4,Overall,395,5.5,
4,Overall,396,5.5,
4,Overall,397,5.6,
4,Overall,398,5.6,
4,Overall,399,5.7,
4,Overall,400,5.7,
4,Overall,401,5.7,
4,Overall,402,5.8,
4,Overall,403,5.8,
4,Overall,404,5.9,
4,Overall,405,5.9,
4,Overall,406,6,
4,Overall,407,6,
4,Overall,408,6,
4,Overall,409,6,
4,Overall,410,6,
4,Overall,411,6,
4,Overall,412,6,
4,Overall,413,6,
4,Overall,414,6,
4,Overall,415,6,
4,Overall,416,6,
4,Overall,417,6,
4,Overall,418,6,
4,Overall,419,6,
4,Overall,420,6,
4,Overall,421,6,
4,Overall,422,6,
4,Overall,423,6,
4,Overall,424,6,
4,Overall,425,6,
4,Overall,426,6,
4,Overall,427,6,
4,Overall,428,6,
4,Overall,429,6,
4,Overall,430,6,
4,Overall,431,6,
4,Overall,432,6,
4,Overall,433,6,
4,Overall,434,6,
4,Overall,435,6,
4,Overall,436,6,
4,Overall,437,6,
4,Overall,438,6,
4,Overall,439,6,
4,Overall,440,6,
4,Overall,441,6,
4,Overall,442,6,
4,Overall,443,6,
4,Overall,444,6,
4,Overall,445,6,
4,Overall,446,6,
4,Overall,447,6,
4,Overall,448,6,
4,Overall,449,6,
4,Overall,450,6,
4,Overall,451,6,
4,Overall,452,6,
4,Overall,453,6,
4,Overall,454,6,
4,Overall,455,6,
4,Overall,456,6,
4,Overall,457,6,
4,Overall,458,6,
4,Overall,459,6,
4,Overall,460,6,
4,Overall,461,6,
4,Overall,462,6,
4,Overall,463,6,
4,Overall,464,6,
4,Overall,465,6,
4,Overall,466,6,
4,Overall,467,6,
4,Overall,468,6,
4,Overall,469,6,
4,Overall,470,6,
4,Overall,471,6,
4,Overall,472,6,
4,Overall,473,6,
4,Overall,474,6,
4,Overall,475,6,
4,Overall,476,6,
4,Overall,477,6,
4,Overall,478,6,
4,Overall,479,6,
4,Overall,480,6,
4,Overall,481,6,
4,Overall,482,6,
4,Overall,483,6,
4,Overall,484,6,
4,Overall,485,6,
4,Overall,486,6,
4,Overall,487,6,
4,Overall,488,6,
4,Overall,489,6,
4,Overall,490,6,
4,Overall,491,6,
4,Overall,492,6,
4,Overall,493,6,
4,Overall,494,6,
4,Overall,495,6,
4,Overall,496,6,
4,Overall,497,6,
4,Overall,498,6,
4,Overall,499,6,
4,Overall,500,6,
4,Overall,501,6,
4,Overall,502,6,
4,Overall,503,6,
4,Overall,504,6,
4,Overall,505,6,
4,Overall,506,6,
4,Overall,507,6,
4,Overall,508,6,
4,Overall,509,6,
4,Overall,510,6,
4,Overall,511,6,
4,Overall,512,6,
4,Overall,513,6,
4,Overall,514,6,
4,Overall,515,6,
4,Overall,516,6,
4,Overall,517,6,
4,Overall,518,6,
4,Overall,519,6,
4,Overall,520,6,
4,Overall,521,6,
4,Overall,522,6,
4,Overall,523,6,
4,Overall,524,6,
4,Overall,525,6,
4,Overall,526,6,
4,Overall,527,6,
4,Overall,528,6,
4,Overall,529,6,
4,Overall,530,6,
4,Overall,531,6,
4,Overall,532,6,
4,Overall,533,6,
4,Overall,534,6,
4,Overall,535,6,
4,Overall,536,6,
4,Overall,537,6,
4,Overall,538,6,
4,Overall,539,6,
4,Overall,540,6,
4,Overall,541,6,
4,Overall,542,6,
4,Overall,543,6,
4,Overall,544,6,
4,Overall,545,6,
4,Overall,546,6,
4,Overall,547,6,
4,Overall,548,6,
4,Overall,549,6,
4,Overall,550,6,
4,Overall,551,6,
4,Overall,552,6,
4,Overall,553,6,
4,Overall,554,6,
4,Overall,555,6,
4,Overall,556,6,
4,Overall,557,6,
4,Overall,558,6,
4,Overall,559,6,
4,Overall,560,6,
4,Overall,561,6,
4,Overall,562,6,
4,Overall,563,6,
4,Overall,564,6,
4,Overall,565,6,
4,Overall,566,6,
4,Overall,567,6,
4,Overall,568,6,
4,Overall,569,6,
4,Overall,570,6,
4,Overall,571,6,
4,Overall,572,6,
4,Overall,573,6,
4,Overall,574,6,
4,Overall,575,6,
4,Overall,576,6,
4,Overall,577,6,
4,Overall,578,6,
4,Overall,579,6,
4,Overall,580,6,
4,Overall,581,6,
4,Overall,582,6,
4,Overall,583,6,
4,Overall,584,6,
4,Overall,585,6,
4,Overall,586,6,
4,Overall,587,6,
4,Overall,588,6,
4,Overall,589,6,
4,Overall,590,6,
4,Overall,591,6,
4,Overall,592,6,
4,Overall,593,6,
4,Overall,594,6,
4,Overall,595,6,
4,Overall,596,6,
4,Overall,597,6,
4,Overall,598,6,
4,Overall,599,6,
4,Overall,600,6,
5,Overall,100,1,
5,Overall,101,1,
5,Overall,102,1,
5,Overall,103,1,
5,Overall,104,1,
5,Overall,105,1,
5,Overall,106,1,
5,Overall,107,1,
5,Overall,108,1,
5,Overall,109,1,
5,Overall,110,1,
5,Overall,111,1,
5,Overall,112,1,
5,Overall,113,1,
5,Overall,114,1,
5,Overall,115,1,
5,Overall,116,1,
5,Overall,117,1,
5,Overall,118,1,
5,Overall,119,1,
5,Overall,120,1,
5,Overall,121,1,
5,Overall,122,1,
5,Overall,123,1,
5,Overall,124,1,
5,Overall,125,1,
5,Overall,126,1,
5,Overall,127,1,
5,Overall,128,1,
5,Overall,129,1,
5,Overall,130,1,
5,Overall,131,1,
5,Overall,132,1,
5,Overall,133,1,
5,Overall,134,1,
5,Overall,135,1,
5,Overall,136,1,
5,Overall,137,1,
5,Overall,138,1,
5,Overall,139,1,
5,Overall,140,1,
5,Overall,141,1,
5,Overall,142,1,
5,Overall,143,1,
5,Overall,144,1,
5,Overall,145,1,
5,Overall,146,1,
5,Overall,147,1,
5,Overall,148,1,
5,Overall,149,1,
5,Overall,150,1,
5,Overall,151,1,
5,Overall,152,1,
5,Overall,153,1,
5,Overall,154,1,
5,Overall,155,1,
5,Overall,156,1,
5,Overall,157,1,
5,Overall,158,1,
5,Overall,159,1,
5,Overall,160,1,
5,Overall,161,1,
5,Overall,162,1,
5,Overall,163,1,
5,Overall,164,1,
5,Overall,165,1,
5,Overall,166,1,
5,Overall,167,1.1,
5,Overall,168,1.1,
5,Overall,169,1.1,
5,Overall,170,1.1,
5,Overall,171,1.1,
5,Overall,172,1.1,
5,Overall,173,1.1,
5,Overall,174,1.1,
5,Overall,175,1.1,
5,Overall,176,1.1,
5,Overall,177,1.1,
5,Overall,178,1.1,
5,Overall,179,1.1,
5,Overall,180,1.2,
5,Overall,181,1.2,
5,Overall,182,1.2,
5,Overall,183,1.2,
5,Overall,184,1.2,
5,Overall,185,1.2,
5,Overall,186,1.2,
5,Overall,187,1.2,
5,Overall,188,1.2,
5,Overall,189,1.2,
5,Overall,190,1.2,
5,Overall,191,1.2,
5,Overall,192,1.2,
5,Overall,193,1.3,
5,Overall,194,1.3,
5,Overall,195,1.3,
5,Overall,196,1.3,
5,Overall,197,1.3,
5,Overall,198,1.3,
5,Overall,199,1.3,
5,Overall,200,1.3,
5,Overall,201,1.3,
5,Overall,202,1.3,
5,Overall,203,1.3,
5,Overall,204,1.3,
5,Overall,205,1.3,
5,Overall,206,1.3,
5,Overall,207,1.4,
5,Overall,208,1.4,
5,Overall,209,1.4,
5,Overall,210,1.4,
5,Overall,211,1.4,
5,Overall,212,1.4,
5,Overall,213,1.4,
5,Overall,214,1.4,
5,Overall,215,1.4,
5,Overall,216,1.4,
5,Overall,217,1.4,
5,Overall,218,1.4,
5,Overall,219,1.4,
5,Overall,220,1.5,
5,Overall,221,1.5,
5,Overall,222,1.5,
5,Overall,223,1.5,
5,Overall,224,1.5,
5,Overall,225,1.5,
5,Overall,226,1.5,
5,Overall,227,1.5,
5,Overall,228,1.5,
5,Overall,229,1.5,
5,Overall,230,1.5,
5,Overall,231,1.5,
5,Overall,232,1.5,
5,Overall,233,1.6,
5,Overall,234,1.6,
5,Overall,235,1.6,
5,Overall,236,1.6,
5,Overall,237,1.6,
5,Overall,238,1.6,
5,Overall,239,1.6,
5,Overall,240,1.6,
5,Overall,241,1.6,
5,Overall,242,1.6,
5,Overall,243,1.6,
5,Overall,244,1.6,
5,Overall,245,1.6,
5,Overall,246,1.6,
5,Overall,247,1.7,
5,Overall,248,1.7,
5,Overall,249,1.7,
5,Overall,250,1.7,
5,Overall,251,1.7,
5,Overall,252,1.7,
5,Overall,253,1.7,
5,Overall,254,1.7,
5,Overall,255,1.7,
5,Overall,256,1.7,
5,Overall,257,1.7,
5,Overall,258,1.7,
5,Overall,259,1.7,
5,Overall,260,1.8,
5,Overall,261,1.8,
5,Overall,262,1.8,
5,Overall,263,1.8,
5,Overall,264,1.8,
5,Overall,265,1.8,
5,Overall,266,1.8,
5,Overall,267,1.8,
5,Overall,268,1.8,
5,Overall,269,1.8,
5,Overall,270,1.8,
5,Overall,271,1.8,
5,Overall,272,1.8,
5,Overall,273,1.9,
5,Overall,274,1.9,
5,Overall,275,1.9,
5,Overall,276,1.9,
5,Overall,277,1.9,
5,Overall,278,1.9,
5,Overall,279,1.9,
5,Overall,280,1.9,
5,Overall,281,1.9,
5,Overall,282,1.9,
5,Overall,283,1.9,
5,Overall,284,1.9,
5,Overall,285,1.9,
5,Overall,286,2,
5,Overall,287,2,
5,Overall,288,2,
5,Overall,289,2,
5,Overall,290,2.1,
5,Overall,291,2.1,
5,Overall,292,2.1,
5,Overall,293,2.2,
5,Overall,294,2.2,
5,Overall,295,2.2,
5,Overall,296,2.3,
5,Overall,297,2.3,
5,Overall,298,2.3,
5,Overall,299,2.4,
5,Overall,300,2.4,
5,Overall,301,2.4,
5,Overall,302,2.5,
5,Overall,303,2.5,
5,Overall,304,2.5,
5,Overall,305,2.6,
5,Overall,306,2.6,
5,Overall,307,2.6,
5,Overall,308,2.7,
5,Overall,309,2.7,
5,Overall,310,2.7,
5,Overall,311,2.8,
5,Overall,312,2.8,
5,Overall,313,2.8,
5,Overall,314,2.9,
5,Overall,315,2.9,
5,Overall,316,2.9,
5,Overall,317,3,
5,Overall,318,3,
5,Overall,319,3,
5,Overall,320,3,
5,Overall,321,3,
5,Overall,322,3.1,
5,Overall,323,3.1,
5,Overall,324,3.1,
5,Overall,325,3.1,
5,Overall,326,3.2,
5,Overall,327,3.2,
5,Overall,328,3.2,
5,Overall,329,3.2,
5,Overall,330,3.3,
5,Overall,331,3.3,
5,Overall,332,3.3,
5,Overall,333,3.3,
5,Overall,334,3.4,
5,Overall,335,3.4,
5,Overall,336,3.4,
5,Overall,337,3.4,
5,Overall,338,3.5,
5,Overall,339,3.5,
5,Overall,340,3.5,
5,Overall,341,3.5,
5,Overall,342,3.6,
5,Overall,343,3.6,
5,Overall,344,3.6,
5,Overall,345,3.6,
5,Overall,346,3.7,
5,Overall,347,3.7,
5,Overall,348,3.7,
5,Overall,349,3.7,
5,Overall,350,3.8,
5,Overall,351,3.8,
5,Overall,352,3.8,
5,Overall,353,3.8,
5,Overall,354,3.9,
5,Overall,355,3.9,
5,Overall,356,3.9,
5,Overall,357,3.9,
5,Overall,358,4,
5,Overall,359,4,
5,Overall,360,4,
5,Overall,361,4,
5,Overall,362,4.1,
5,Overall,363,4.1,
5,Overall,364,4.1,
5,Overall,365,4.2,
5,Overall,366,4.2,
5,Overall,367,4.2,
5,Overall,368,4.3,
5,Overall,369,4.3,
5,Overall,370,4.3,
5,Overall,371,4.4,
5,Overall,372,4.4,
5,Overall,373,4.4,
5,Overall,374,4.5,
5,Overall,375,4.5,
5,Overall,376,4.5,
5,Overall,377,4.5,
5,Overall,378,4.6,
5,Overall,379,4.6,
5,Overall,380,4.6,
5,Overall,381,4.7,
5,Overall,382,4.7,
5,Overall,383,4.7,
5,Overall,384,4.8,
5,Overall,385,4.8,
5,Overall,386,4.8,
5,Overall,387,4.9,
5,Overall,388,4.9,
5,Overall,389,4.9,
5,Overall,390,5,
5,Overall,391,5,
5,Overall,392,5,
5,Overall,393,5.1,
5,Overall,394,5.1,
5,Overall,395,5.2,
5,Overall,396,5.2,
5,Overall,397,5.2,
5,Overall,398,5.3,
5,Overall,399,5.3,
5,Overall,400,5.4,
5,Overall,401,5.4,
5,Overall,402,5.4,
5,Overall,403,5.5,
5,Overall,404,5.5,
5,Overall,405,5.6,
5,Overall,406,5.6,
5,Overall,407,5.6,
5,Overall,408,5.7,
5,Overall,409,5.7,
5,Overall,410,5.8,
5,Overall,411,5.8,
5,Overall,412,5.8,
5,Overall,413,5.9,
5,Overall,414,5.9,
5,Overall,415,6,
5,Overall,416,6,
5,Overall,417,6,
5,Overall,418,6,
5,Overall,419,6,
5,Overall,420,6,
5,Overall,421,6,
5,Overall,422,6,
5,Overall,423,6,
5,Overall,424,6,
5,Overall,425,6,
5,Overall,426,6,
5,Overall,427,6,
5,Overall,428,6,
5,Overall,429,6,
5,Overall,430,6,
5,Overall,431,6,
5,Overall,432,6,
5,Overall,433,6,
5,Overall,434,6,
5,Overall,435,6,
5,Overall,436,6,
5,Overall,437,6,
5,Overall,438,6,
5,Overall,439,6,
5,Overall,440,6,
5,Overall,441,6,
5,Overall,442,6,
5,Overall,443,6,
5,Overall,444,6,
5,Overall,445,6,
5,Overall,446,6,
5,Overall,447,6,
5,Overall,448,6,
5,Overall,449,6,
5,Overall,450,6,
5,Overall,451,6,
5,Overall,452,6,
5,Overall,453,6,
5,Overall,454,6,
5,Overall,455,6,
5,Overall,456,6,
5,Overall,457,6,
5,Overall,458,6,
5,Overall,459,6,
5,Overall,460,6,
5,Overall,461,6,
5,Overall,462,6,
5,Overall,463,6,
5,Overall,464,6,
5,Overall,465,6,
5,Overall,466,6,
5,Overall,467,6,
5,Overall,468,6,
5,Overall,469,6,
5,Overall,470,6,
5,Overall,471,6,
5,Overall,472,6,
5,Overall,473,6,
5,Overall,474,6,
5,Overall,475,6,
5,Overall,476,6,
5,Overall,477,6,
5,Overall,478,6,
5,Overall,479,6,
5,Overall,480,6,
5,Overall,481,6,
5,Overall,482,6,
5,Overall,483,6,
5,Overall,484,6,
5,Overall,485,6,
5,Overall,486,6,
5,Overall,487,6,
5,Overall,488,6,
5,Overall,489,6,
5,Overall,490,6,
5,Overall,491,6,
5,Overall,492,6,
5,Overall,493,6,
5,Overall,494,6,
5,Overall,495,6,
5,Overall,496,6,
5,Overall,497,6,
5,Overall,498,6,
5,Overall,499,6,
5,Overall,500,6,
5,Overall,501,6,
5,Overall,502,6,
5,Overall,503,6,
5,Overall,504,6,
5,Overall,505,6,
5,Overall,506,6,
5,Overall,507,6,
5,Overall,508,6,
5,Overall,509,6,
5,Overall,510,6,
5,Overall,511,6,
5,Overall,512,6,
5,Overall,513,6,
5,Overall,514,6,
5,Overall,515,6,
5,Overall,516,6,
5,Overall,517,6,
5,Overall,518,6,
5,Overall,519,6,
5,Overall,520,6,
5,Overall,521,6,
5,Overall,522,6,
5,Overall,523,6,
5,Overall,524,6,
5,Overall,525,6,
5,Overall,526,6,
5,Overall,527,6,
5,Overall,528,6,
5,Overall,529,6,
5,Overall,530,6,
5,Overall,531,6,
5,Overall,532,6,
5,Overall,533,6,
5,Overall,534,6,
5,Overall,535,6,
5,Overall,536,6,
5,Overall,537,6,
5,Overall,538,6,
5,Overall,539,6,
5,Overall,540,6,
5,Overall,541,6,
5,Overall,542,6,
5,Overall,543,6,
5,Overall,544,6,
5,Overall,545,6,
5,Overall,546,6,
5,Overall,547,6,
5,Overall,548,6,
5,Overall,549,6,
5,Overall,550,6,
5,Overall,551,6,
5,Overall,552,6,
5,Overall,553,6,
5,Overall,554,6,
5,Overall,555,6,
5,Overall,556,6,
5,Overall,557,6,
5,Overall,558,6,
5,Overall,559,6,
5,Overall,560,6,
5,Overall,561,6,
5,Overall,562,6,
5,Overall,563,6,
5,Overall,564,6,
5,Overall,565,6,
5,Overall,566,6,
5,Overall,567,6,
5,Overall,568,6,
5,Overall,569,6,
5,Overall,570,6,
5,Overall,571,6,
5,Overall,572,6,
5,Overall,573,6,
5,Overall,574,6,
5,Overall,575,6,
5,Overall,576,6,
5,Overall,577,6,
5,Overall,578,6,
5,Overall,579,6,
5,Overall,580,6,
5,Overall,581,6,
5,Overall,582,6,
5,Overall,583,6,
5,Overall,584,6,
5,Overall,585,6,
5,Overall,586,6,
5,Overall,587,6,
5,Overall,588,6,
5,Overall,589,6,
5,Overall,590,6,
5,Overall,591,6,
5,Overall,592,6,
5,Overall,593,6,
5,Overall,594,6,
5,Overall,595,6,
5,Overall,596,6,
5,Overall,597,6,
5,Overall,598,6,
5,Overall,599,6,
5,Overall,600,6,
6,Overall,100,1,
6,Overall,101,1,
6,Overall,102,1,
6,Overall,103,1,
6,Overall,104,1,
6,Overall,105,1,
6,Overall,106,1,
6,Overall,107,1,
6,Overall,108,1,
6,Overall,109,1,
6,Overall,110,1,
6,Overall,111,1,
6,Overall,112,1,
6,Overall,113,1,
6,Overall,114,1,
6,Overall,115,1,
6,Overall,116,1,
6,Overall,117,1,
6,Overall,118,1,
6,Overall,119,1,
6,Overall,120,1,
6,Overall,121,1,
6,Overall,122,1,
6,Overall,123,1,
6,Overall,124,1,
6,Overall,125,1,
6,Overall,126,1,
6,Overall,127,1,
6,Overall,128,1,
6,Overall,129,1,
6,Overall,130,1,
6,Overall,131,1,
6,Overall,132,1,
6,Overall,133,1,
6,Overall,134,1,
6,Overall,135,1,
6,Overall,136,1,
6,Overall,137,1,
6,Overall,138,1,
6,Overall,139,1,
6,Overall,140,1,
6,Overall,141,1,
6,Overall,142,1,
6,Overall,143,1,
6,Overall,144,1,
6,Overall,145,1,
6,Overall,146,1,
6,Overall,147,1,
6,Overall,148,1,
6,Overall,149,1,
6,Overall,150,1,
6,Overall,151,1,
6,Overall,152,1,
6,Overall,153,1,
6,Overall,154,1,
6,Overall,155,1,
6,Overall,156,1,
6,Overall,157,1,
6,Overall,158,1,
6,Overall,159,1,
6,Overall,160,1,
6,Overall,161,1,
6,Overall,162,1,
6,Overall,163,1,
6,Overall,164,1,
6,Overall,165,1,
6,Overall,166,1,
6,Overall,167,1,
6,Overall,168,1,
6,Overall,169,1,
6,Overall,170,1,
6,Overall,171,1,
6,Overall,172,1,
6,Overall,173,1,
6,Overall,174,1.1,
6,Overall,175,1.1,
6,Overall,176,1.1,
6,Overall,177,1.1,
6,Overall,178,1.1,
6,Overall,179,1.1,
6,Overall,180,1.1,
6,Overall,181,1.1,
6,Overall,182,1.1,
6,Overall,183,1.1,
6,Overall,184,1.1,
6,Overall,185,1.1,
6,Overall,186,1.1,
6,Overall,187,1.2,
6,Overall,188,1.2,
6,Overall,189,1.2,
6,Overall,190,1.2,
6,Overall,191,1.2,
6,Overall,192,1.2,
6,Overall,193,1.2,
6,Overall,194,1.2,
6,Overall,195,1.2,
6,Overall,196,1.2,
6,Overall,197,1.2,
6,Overall,198,1.2,
6,Overall,199,1.2,
6,Overall,200,1.3,
6,Overall,201,1.3,
6,Overall,202,1.3,
6,Overall,203,1.3,
6,Overall,204,1.3,
6,Overall,205,1.3,
6,Overall,206,1.3,
6,Overall,207,1.3,
6,Overall,208,1.3,
6,Overall,209,1.3,
6,Overall,210,1.3,
6,Overall,211,1.3,
6,Overall,212,1.3,
6,Overall,213,1.4,
6,Overall,214,1.4,
6,Overall,215,1.4,
6,Overall,216,1.4,
6,Overall,217,1.4,
6,Overall,218,1.4,
6,Overall,219,1.4,
6,Overall,220,1.4,
6,Overall,221,1.4,
6,Overall,222,1.4,
6,Overall,223,1.4,
6,Overall,224,1.4,
6,Overall,225,1.4,
6,Overall,226,1.5,
6,Overall,227,1.5,
6,Overall,228,1.5,
6,Overall,229,1.5,
6,Overall,230,1.5,
6,Overall,231,1.5,
6,Overall,232,1.5,
6,Overall,233,1.5,
6,Overall,234,1.5,
6,Overall,235,1.5,
6,Overall,236,1.5,
6,Overall,237,1.5,
6,Overall,238,1.5,
6,Overall,239,1.6,
6,Overall,240,1.6,
6,Overall,241,1.6,
6,Overall,242,1.6,
6,Overall,243,1.6,
6,Overall,244,1.6,
6,Overall,245,1.6,
6,Overall,246,1.6,
6,Overall,247,1.6,
6,Overall,248,1.6,
6,Overall,249,1.6,
6,Overall,250,1.6,
6,Overall,251,1.6,
6,Overall,252,1.7,
6,Overall,253,1.7,
6,Overall,254,1.7,
6,Overall,255,1.7,
6,Overall,256,1.7,
6,Overall,257,1.7,
6,Overall,258,1.7,
6,Overall,259,1.7,
6,Overall,260,1.7,
6,Overall,261,1.7,
6,Overall,262,1.7,
6,Overall,263,1.7,
6,Overall,264,1.7,
6,Overall,265,1.8,
6,Overall,266,1.8,
6,Overall,267,1.8,
6,Overall,268,1.8,
6,Overall,269,1.8,
6,Overall,270,1.8,
6,Overall,271,1.8,
6,Overall,272,1.8,
6,Overall,273,1.8,
6,Overall,274,1.8,
6,Overall,275,1.8,
6,Overall,276,1.8,
6,Overall,277,1.8,
6,Overall,278,1.9,
6,Overall,279,1.9,
6,Overall,280,1.9,
6,Overall,281,1.9,
6,Overall,282,1.9,
6,Overall,283,1.9,
6,Overall,284,1.9,
6,Overall,285,1.9,
6,Overall,286,1.9,
6,Overall,287,1.9,
6,Overall,288,1.9,
6,Overall,289,1.9,
6,Overall,290,1.9,
6,Overall,291,2,
6,Overall,292,2,
6,Overall,293,2,
6,Overall,294,2,
6,Overall,295,2.1,
6,Overall,296,2.1,
6,Overall,297,2.1,
6,Overall,298,2.2,
6,Overall,299,2.2,
6,Overall,300,2.2,
6,Overall,301,2.3,
6,Overall,302,2.3,
6,Overall,303,2.3,
6,Overall,304,2.3,
6,Overall,305,2.4,
6,Overall,306,2.4,
6,Overall,307,2.4,
6,Overall,308,2.5,
6,Overall,309,2.5,
6,Overall,310,2.5,
6,Overall,311,2.6,
6,Overall,312,2.6,
6,Overall,313,2.6,
6,Overall,314,2.6,
6,Overall,315,2.7,
6,Overall,316,2.7,
6,Overall,317,2.7,
6,Overall,318,2.8,
6,Overall,319,2.8,
6,Overall,320,2.8,
6,Overall,321,2.9,
6,Overall,322,2.9,
6,Overall,323,2.9,
6,Overall,324,3,
6,Overall,325,3,
6,Overall,326,3,
6,Overall,327,3,
6,Overall,328,3,
6,Overall,329,3.1,
6,Overall,330,3.1,
6,Overall,331,3.1,
6,Overall,332,3.1,
6,Overall,333,3.2,
6,Overall,334,3.2,
6,Overall,335,3.2,
6,Overall,336,3.2,
6,Overall,337,3.3,
6,Overall,338,3.3,
6,Overall,339,3.3,
6,Overall,340,3.3,
6,Overall,341,3.4,
6,Overall,342,3.4,
6,Overall,343,3.4,
6,Overall,344,3.4,
6,Overall,345,3.5,
6,Overall,346,3.5,
6,Overall,347,3.5,
6,Overall,348,3.5,
6,Overall,349,3.6,
6,Overall,350,3.6,
6,Overall,351,3.6,
6,Overall,352,3.6,
6,Overall,353,3.7,
6,Overall,354,3.7,
6,Overall,355,3.7,
6,Overall,356,3.7,
6,Overall,357,3.8,
6,Overall,358,3.8,
6,Overall,359,3.8,
6,Overall,360,3.8,
6,Overall,361,3.9,
6,Overall,362,3.9,
6,Overall,363,3.9,
6,Overall,364,3.9,
6,Overall,365,4,
6,Overall,366,4,
6,Overall,367,4,
6,Overall,368,4,
6,Overall,369,4.1,
6,Overall,370,4.1,
6,Overall,371,4.1,
6,Overall,372,4.2,
6,Overall,373,4.2,
6,Overall,374,4.2,
6,Overall,375,4.2,
6,Overall,376,4.3,
6,Overall,377,4.3,
6,Overall,378,4.3,
6,Overall,379,4.4,
6,Overall,380,4.4,
6,Overall,381,4.4,
6,Overall,382,4.5,
6,Overall,383,4.5,
6,Overall,384,4.5,
6,Overall,385,4.5,
6,Overall,386,4.6,
6,Overall,387,4.6,
6,Overall,388,4.6,
6,Overall,389,4.7,
6,Overall,390,4.7,
6,Overall,391,4.7,
6,Overall,392,4.7,
6,Overall,393,4.8,
6,Overall,394,4.8,
6,Overall,395,4.8,
6,Overall,396,4.9,
6,Overall,397,4.9,
6,Overall,398,4.9,
6,Overall,399,5,
6,Overall,400,5,
6,Overall,401,5,
6,Overall,402,5.1,
6,Overall,403,5.1,
6,Overall,404,5.2,
6,Overall,405,5.2,
6,Overall,406,5.2,
6,Overall,407,5.3,
6,Overall,408,5.3,
6,Overall,409,5.4,
6,Overall,410,5.4,
6,Overall,411,5.5,
6,Overall,412,5.5,
6,Overall,413,5.5,
6,Overall,414,5.6,
6,Overall,415,5.6,
6,Overall,416,5.7,
6,Overall,417,5.7,
6,Overall,418,5.7,
6,Overall,419,5.8,
6,Overall,420,5.8,
6,Overall,421,5.9,
6,Overall,422,5.9,
6,Overall,423,6,
6,Overall,424,6,
6,Overall,425,6,
6,Overall,426,6,
6,Overall,427,6,
6,Overall,428,6,
6,Overall,429,6,
6,Overall,430,6,
6,Overall,431,6,
6,Overall,432,6,
6,Overall,433,6,
6,Overall,434,6,
6,Overall,435,6,
6,Overall,436,6,
6,Overall,437,6,
6,Overall,438,6,
6,Overall,439,6,
6,Overall,440,6,
6,Overall,441,6,
6,Overall,442,6,
6,Overall,443,6,
6,Overall,444,6,
6,Overall,445,6,
6,Overall,446,6,
6,Overall,447,6,
6,Overall,448,6,
6,Overall,449,6,
6,Overall,450,6,
6,Overall,451,6,
6,Overall,452,6,
6,Overall,453,6,
6,Overall,454,6,
6,Overall,455,6,
6,Overall,456,6,
6,Overall,457,6,
6,Overall,458,6,
6,Overall,459,6,
6,Overall,460,6,
6,Overall,461,6,
6,Overall,462,6,
6,Overall,463,6,
6,Overall,464,6,
6,Overall,465,6,
6,Overall,466,6,
6,Overall,467,6,
6,Overall,468,6,
6,Overall,469,6,
6,Overall,470,6,
6,Overall,471,6,
6,Overall,472,6,
6,Overall,473,6,
6,Overall,474,6,
6,Overall,475,6,
6,Overall,476,6,
6,Overall,477,6,
6,Overall,478,6,
6,Overall,479,6,
6,Overall,480,6,
6,Overall,481,6,
6,Overall,482,6,
6,Overall,483,6,
6,Overall,484,6,
6,Overall,485,6,
6,Overall,486,6,
6,Overall,487,6,
6,Overall,488,6,
6,Overall,489,6,
6,Overall,490,6,
6,Overall,491,6,
6,Overall,492,6,
6,Overall,493,6,
6,Overall,494,6,
6,Overall,495,6,
6,Overall,496,6,
6,Overall,497,6,
6,Overall,498,6,
6,Overall,499,6,
6,Overall,500,6,
6,Overall,501,6,
6,Overall,502,6,
6,Overall,503,6,
6,Overall,504,6,
6,Overall,505,6,
6,Overall,506,6,
6,Overall,507,6,
6,Overall,508,6,
6,Overall,509,6,
6,Overall,510,6,
6,Overall,511,6,
6,Overall,512,6,
6,Overall,513,6,
6,Overall,514,6,
6,Overall,515,6,
6,Overall,516,6,
6,Overall,517,6,
6,Overall,518,6,
6,Overall,519,6,
6,Overall,520,6,
6,Overall,521,6,
6,Overall,522,6,
6,Overall,523,6,
6,Overall,524,6,
6,Overall,525,6,
6,Overall,526,6,
6,Overall,527,6,
6,Overall,528,6,
6,Overall,529,6,
6,Overall,530,6,
6,Overall,531,6,
6,Overall,532,6,
6,Overall,533,6,
6,Overall,534,6,
6,Overall,535,6,
6,Overall,536,6,
6,Overall,537,6,
6,Overall,538,6,
6,Overall,539,6,
6,Overall,540,6,
6,Overall,541,6,
6,Overall,542,6,
6,Overall,543,6,
6,Overall,544,6,
6,Overall,545,6,
6,Overall,546,6,
6,Overall,547,6,
6,Overall,548,6,
6,Overall,549,6,
6,Overall,550,6,
6,Overall,551,6,
6,Overall,552,6,
6,Overall,553,6,
6,Overall,554,6,
6,Overall,555,6,
6,Overall,556,6,
6,Overall,557,6,
6,Overall,558,6,
6,Overall,559,6,
6,Overall,560,6,
6,Overall,561,6,
6,Overall,562,6,
6,Overall,563,6,
6,Overall,564,6,
6,Overall,565,6,
6,Overall,566,6,
6,Overall,567,6,
6,Overall,568,6,
6,Overall,569,6,
6,Overall,570,6,
6,Overall,571,6,
6,Overall,572,6,
6,Overall,573,6,
6,Overall,574,6,
6,Overall,575,6,
6,Overall,576,6,
6,Overall,577,6,
6,Overall,578,6,
6,Overall,579,6,
6,Overall,580,6,
6,Overall,581,6,
6,Overall,582,6,
6,Overall,583,6,
6,Overall,584,6,
6,Overall,585,6,
6,Overall,586,6,
6,Overall,587,6,
6,Overall,588,6,
6,Overall,589,6,
6,Overall,590,6,
6,Overall,591,6,
6,Overall,592,6,
6,Overall,593,6,
6,Overall,594,6,
6,Overall,595,6,
6,Overall,596,6,
6,Overall,597,6,
6,Overall,598,6,
6,Overall,599,6,
6,Overall,600,6,
7,Overall,100,1,
7,Overall,101,1,
7,Overall,102,1,
7,Overall,103,1,
7,Overall,104,1,
7,Overall,105,1,
7,Overall,106,1,
7,Overall,107,1,
7,Overall,108,1,
7,Overall,109,1,
7,Overall,110,1,
7,Overall,111,1,
7,Overall,112,1,
7,Overall,113,1,
7,Overall,114,1,
7,Overall,115,1,
7,Overall,116,1,
7,Overall,117,1,
7,Overall,118,1,
7,Overall,119,1,
7,Overall,120,1,
7,Overall,121,1,
7,Overall,122,1,
7,Overall,123,1,
7,Overall,124,1,
7,Overall,125,1,
7,Overall,126,1,
7,Overall,127,1,
7,Overall,128,1,
7,Overall,129,1,
7,Overall,130,1,
7,Overall,131,1,
7,Overall,132,1,
7,Overall,133,1,
7,Overall,134,1,
7,Overall,135,1,
7,Overall,136,1,
7,Overall,137,1,
7,Overall,138,1,
7,Overall,139,1,
7,Overall,140,1,
7,Overall,141,1,
7,Overall,142,1,
7,Overall,143,1,
7,Overall,144,1,
7,Overall,145,1,
7,Overall,146,1,
7,Overall,147,1,
7,Overall,148,1,
7,Overall,149,1,
7,Overall,150,1,
7,Overall,151,1,
7,Overall,152,1,
7,Overall,153,1,
7,Overall,154,1,
7,Overall,155,1,
7,Overall,156,1,
7,Overall,157,1,
7,Overall,158,1,
7,Overall,159,1,
7,Overall,160,1,
7,Overall,161,1,
7,Overall,162,1,
7,Overall,163,1,
7,Overall,164,1,
7,Overall,165,1,
7,Overall,166,1,
7,Overall,167,1,
7,Overall,168,1,
7,Overall,169,1,
7,Overall,170,1,
7,Overall,171,1,
7,Overall,172,1,
7,Overall,173,1,
7,Overall,174,1,
7,Overall,175,1,
7,Overall,176,1,
7,Overall,177,1,
7,Overall,178,1,
7,Overall,179,1,
7,Overall,180,1,
7,Overall,181,1,
7,Overall,182,1.1,
7,Overall,183,1.1,
7,Overall,184,1.1,
7,Overall,185,1.1,
7,Overall,186,1.1,
7,Overall,187,1.1,
7,Overall,188,1.1,
7,Overall,189,1.1,
7,Overall,190,1.1,
7,Overall,191,1.1,
7,Overall,192,1.1,
7,Overall,193,1.1,
7,Overall,194,1.1,
7,Overall,195,1.2,
7,Overall,196,1.2,
7,Overall,197,1.2,
7,Overall,198,1.2,
7,Overall,199,1.2,
7,Overall,200,1.2,
7,Overall,201,1.2,
7,Overall,202,1.2,
7,Overall,203,1.2,
7,Overall,204,1.2,
7,Overall,205,1.2,
7,Overall,206,1.2,
7,Overall,207,1.2,
7,Overall,208,1.3,
7,Overall,209,1.3,
7,Overall,210,1.3,
7,Overall,211,1.3,
7,Overall,212,1.3,
7,Overall,213,1.3,
7,Overall,214,1.3,
7,Overall,215,1.3,
7,Overall,216,1.3,
7,Overall,217,1.3,
7,Overall,218,1.3,
7,Overall,219,1.3,
7,Overall,220,1.3,
7,Overall,221,1.4,
7,Overall,222,1.4,
7,Overall,223,1.4,
7,Overall,224,1.4,
7,Overall,225,1.4,
7,Overall,226,1.4,
7,Overall,227,1.4,
7,Overall,228,1.4,
7,Overall,229,1.4,
7,Overall,230,1.4,
7,Overall,231,1.4,
7,Overall,232,1.4,
7,Overall,233,1.4,
7,Overall,234,1.5,
7,Overall,235,1.5,
7,Overall,236,1.5,
7,Overall,237,1.5,
7,Overall,238,1.5,
7,Overall,239,1.5,
7,Overall,240,1.5,
7,Overall,241,1.5,
7,Overall,242,1.5,
7,Overall,243,1.5,
7,Overall,244,1.5,
7,Overall,245,1.5,
7,Overall,246,1.5,
7,Overall,247,1.6,
7,Overall,248,1.6,
7,Overall,249,1.6,
7,Overall,250,1.6,
7,Overall,251,1.6,
7,Overall,252,1.6,
7,Overall,253,1.6,
7,Overall,254,1.6,
7,Overall,255,1.6,
7,Overall,256,1.6,
7,Overall,257,1.6,
7,Overall,258,1.6,
7,Overall,259,1.6,
7,Overall,260,1.7,
7,Overall,261,1.7,
7,Overall,262,1.7,
7,Overall,263,1.7,
7,Overall,264,1.7,
7,Overall,265,1.7,
7,Overall,266,1.7,
7,Overall,267,1.7,
7,Overall,268,1.7,
7,Overall,269,1.7,
7,Overall,270,1.7,
7,Overall,271,1.7,
7,Overall,272,1.7,
7,Overall,273,1.8,
7,Overall,274,1.8,
7,Overall,275,1.8,
7,Overall,276,1.8,
7,Overall,277,1.8,
7,Overall,278,1.8,
7,Overall,279,1.8,
7,Overall,280,1.8,
7,Overall,281,1.8,
7,Overall,282,1.8,
7,Overall,283,1.8,
7,Overall,284,1.8,
7,Overall,285,1.8,
7,Overall,286,1.9,
7,Overall,287,1.9,
7,Overall,288,1.9,
7,Overall,289,1.9,
7,Overall,290,1.9,
7,Overall,291,1.9,
7,Overall,292,1.9,
7,Overall,293,1.9,
7,Overall,294,1.9,
7,Overall,295,1.9,
7,Overall,296,1.9,
7,Overall,297,1.9,
7,Overall,298,2,
7,Overall,299,2,
7,Overall,300,2,
7,Overall,301,2,
7,Overall,302,2.1,
7,Overall,303,2.1,
7,Overall,304,2.1,
7,Overall,305,2.2,
7,Overall,306,2.2,
7,Overall,307,2.2,
7,Overall,308,2.3,
7,Overall,309,2.3,
7,Overall,310,2.3,
7,Overall,311,2.3,
7,Overall,312,2.4,
7,Overall,313,2.4,
7,Overall,314,2.4,
7,Overall,315,2.5,
7,Overall,316,2.5,
7,Overall,317,2.5,
7,Overall,318,2.6,
7,Overall,319,2.6,
7,Overall,320,2.6,
7,Overall,321,2.6,
7,Overall,322,2.7,
7,Overall,323,2.7,
7,Overall,324,2.7,
7,Overall,325,2.8,
7,Overall,326,2.8,
7,Overall,327,2.8,
7,Overall,328,2.9,
7,Overall,329,2.9,
7,Overall,330,2.9,
7,Overall,331,3,
7,Overall,332,3,
7,Overall,333,3,
7,Overall,334,3,
7,Overall,335,3,
7,Overall,336,3.1,
7,Overall,337,3.1,
7,Overall,338,3.1,
7,Overall,339,3.1,
7,Overall,340,3.2,
7,Overall,341,3.2,
7,Overall,342,3.2,
7,Overall,343,3.2,
7,Overall,344,3.3,
7,Overall,345,3.3,
7,Overall,346,3.3,
7,Overall,347,3.3,
7,Overall,348,3.4,
7,Overall,349,3.4,
7,Overall,350,3.4,
7,Overall,351,3.4,
7,Overall,352,3.5,
7,Overall,353,3.5,
7,Overall,354,3.5,
7,Overall,355,3.5,
7,Overall,356,3.6,
7,Overall,357,3.6,
7,Overall,358,3.6,
7,Overall,359,3.6,
7,Overall,360,3.7,
7,Overall,361,3.7,
7,Overall,362,3.7,
7,Overall,363,3.7,
7,Overall,364,3.8,
7,Overall,365,3.8,
7,Overall,366,3.8,
7,Overall,367,3.8,
7,Overall,368,3.9,
7,Overall,369,3.9,
7,Overall,370,3.9,
7,Overall,371,3.9,
7,Overall,372,4,
7,Overall,373,4,
7,Overall,374,4,
7,Overall,375,4,
7,Overall,376,4.1,
7,Overall,377,4.1,
7,Overall,378,4.1,
7,Overall,379,4.2,
7,Overall,380,4.2,
7,Overall,381,4.2,
7,Overall,382,4.2,
7,Overall,383,4.3,
7,Overall,384,4.3,
7,Overall,385,4.3,
7,Overall,386,4.4,
7,Overall,387,4.4,
7,Overall,388,4.4,
7,Overall,389,4.5,
7,Overall,390,4.5,
7,Overall,391,4.5,
7,Overall,392,4.5,
7,Overall,393,4.6,
7,Overall,394,4.6,
7,Overall,395,4.6,
7,Overall,396,4.7,
7,Overall,397,4.7,
7,Overall,398,4.7,
7,Overall,399,4.7,
7,Overall,400,4.8,
7,Overall,401,4.8,
7,Overall,402,4.8,
7,Overall,403,4.9,
7,Overall,404,4.9,
7,Overall,405,4.9,
7,Overall,406,5,
7,Overall,407,5,
7,Overall,408,5,
7,Overall,409,5.1,
7,Overall,410,5.1,
7,Overall,411,5.2,
7,Overall,412,5.2,
7,Overall,413,5.2,
7,Overall,414,5.3,
7,Overall,415,5.3,
7,Overall,416,5.4,
7,Overall,417,5.4,
7,Overall,418,5.4,
7,Overall,419,5.5,
7,Overall,420,5.5,
7,Overall,421,5.6,
7,Overall,422,5.6,
7,Overall,423,5.6,
7,Overall,424,5.7,
7,Overall,425,5.7,
7,Overall,426,5.8,
7,Overall,427,5.8,
7,Overall,428,5.8,
7,Overall,429,5.9,
7,Overall,430,5.9,
7,Overall,431,6,
7,Overall,432,6,
7,Overall,433,6,
7,Overall,434,6,
7,Overall,435,6,
7,Overall,436,6,
7,Overall,437,6,
7,Overall,438,6,
7,Overall,439,6,
7,Overall,440,6,
7,Overall,441,6,
7,Overall,442,6,
7,Overall,443,6,
7,Overall,444,6,
7,Overall,445,6,
7,Overall,446,6,
7,Overall,447,6,
7,Overall,448,6,
7,Overall,449,6,
7,Overall,450,6,
7,Overall,451,6,
7,Overall,452,6,
7,Overall,453,6,
7,Overall,454,6,
7,Overall,455,6,
7,Overall,456,6,
7,Overall,457,6,
7,Overall,458,6,
7,Overall,459,6,
7,Overall,460,6,
7,Overall,461,6,
7,Overall,462,6,
7,Overall,463,6,
7,Overall,464,6,
7,Overall,465,6,
7,Overall,466,6,
7,Overall,467,6,
7,Overall,468,6,
7,Overall,469,6,
7,Overall,470,6,
7,Overall,471,6,
7,Overall,472,6,
7,Overall,473,6,
7,Overall,474,6,
7,Overall,475,6,
7,Overall,476,6,
7,Overall,477,6,
7,Overall,478,6,
7,Overall,479,6,
7,Overall,480,6,
7,Overall,481,6,
7,Overall,482,6,
7,Overall,483,6,
7,Overall,484,6,
7,Overall,485,6,
7,Overall,486,6,
7,Overall,487,6,
7,Overall,488,6,
7,Overall,489,6,
7,Overall,490,6,
7,Overall,491,6,
7,Overall,492,6,
7,Overall,493,6,
7,Overall,494,6,
7,Overall,495,6,
7,Overall,496,6,
7,Overall,497,6,
7,Overall,498,6,
7,Overall,499,6,
7,Overall,500,6,
7,Overall,501,6,
7,Overall,502,6,
7,Overall,503,6,
7,Overall,504,6,
7,Overall,505,6,
7,Overall,506,6,
7,Overall,507,6,
7,Overall,508,6,
7,Overall,509,6,
7,Overall,510,6,
7,Overall,511,6,
7,Overall,512,6,
7,Overall,513,6,
7,Overall,514,6,
7,Overall,515,6,
7,Overall,516,6,
7,Overall,517,6,
7,Overall,518,6,
7,Overall,519,6,
7,Overall,520,6,
7,Overall,521,6,
7,Overall,522,6,
7,Overall,523,6,
7,Overall,524,6,
7,Overall,525,6,
7,Overall,526,6,
7,Overall,527,6,
7,Overall,528,6,
7,Overall,529,6,
7,Overall,530,6,
7,Overall,531,6,
7,Overall,532,6,
7,Overall,533,6,
7,Overall,534,6,
7,Overall,535,6,
7,Overall,536,6,
7,Overall,537,6,
7,Overall,538,6,
7,Overall,539,6,
7,Overall,540,6,
7,Overall,541,6,
7,Overall,542,6,
7,Overall,543,6,
7,Overall,544,6,
7,Overall,545,6,
7,Overall,546,6,
7,Overall,547,6,
7,Overall,548,6,
7,Overall,549,6,
7,Overall,550,6,
7,Overall,551,6,
7,Overall,552,6,
7,Overall,553,6,
7,Overall,554,6,
7,Overall,555,6,
7,Overall,556,6,
7,Overall,557,6,
7,Overall,558,6,
7,Overall,559,6,
7,Overall,560,6,
7,Overall,561,6,
7,Overall,562,6,
7,Overall,563,6,
7,Overall,564,6,
7,Overall,565,6,
7,Overall,566,6,
7,Overall,567,6,
7,Overall,568,6,
7,Overall,569,6,
7,Overall,570,6,
7,Overall,571,6,
7,Overall,572,6,
7,Overall,573,6,
7,Overall,574,6,
7,Overall,575,6,
7,Overall,576,6,
7,Overall,577,6,
7,Overall,578,6,
7,Overall,579,6,
7,Overall,580,6,
7,Overall,581,6,
7,Overall,582,6,
7,Overall,583,6,
7,Overall,584,6,
7,Overall,585,6,
7,Overall,586,6,
7,Overall,587,6,
7,Overall,588,6,
7,Overall,589,6,
7,Overall,590,6,
7,Overall,591,6,
7,Overall,592,6,
7,Overall,593,6,
7,Overall,594,6,
7,Overall,595,6,
7,Overall,596,6,
7,Overall,597,6,
7,Overall,598,6,
7,Overall,599,6,
7,Overall,600,6,
8,Overall,100,1,
8,Overall,101,1,
8,Overall,102,1,
8,Overall,103,1,
8,Overall,104,1,
8,Overall,105,1,
8,Overall,106,1,
8,Overall,107,1,
8,Overall,108,1,
8,Overall,109,1,
8,Overall,110,1,
8,Overall,111,1,
8,Overall,112,1,
8,Overall,113,1,
8,Overall,114,1,
8,Overall,115,1,
8,Overall,116,1,
8,Overall,117,1,
8,Overall,118,1,
8,Overall,119,1,
8,Overall,120,1,
8,Overall,121,1,
8,Overall,122,1,
8,Overall,123,1,
8,Overall,124,1,
8,Overall,125,1,
8,Overall,126,1,
8,Overall,127,1,
8,Overall,128,1,
8,Overall,129,1,
8,Overall,130,1,
8,Overall,131,1,
8,Overall,132,1,
8,Overall,133,1,
8,Overall,134,1,
8,Overall,135,1,
8,Overall,136,1,
8,Overall,137,1,
8,Overall,138,1,
8,Overall,139,1,
8,Overall,140,1,
8,Overall,141,1,
8,Overall,142,1,
8,Overall,143,1,
8,Overall,144,1,
8,Overall,145,1,
8,Overall,146,1,
8,Overall,147,1,
8,Overall,148,1,
8,Overall,149,1,
8,Overall,150,1,
8,Overall,151,1,
8,Overall,152,1,
8,Overall,153,1,
8,Overall,154,1,
8,Overall,155,1,
8,Overall,156,1,
8,Overall,157,1,
8,Overall,158,1,
8,Overall,159,1,
8,Overall,160,1,
8,Overall,161,1,
8,Overall,162,1,
8,Overall,163,1,
8,Overall,164,1,
8,Overall,165,1,
8,Overall,166,1,
8,Overall,167,1,
8,Overall,168,1,
8,Overall,169,1,
8,Overall,170,1,
8,Overall,171,1,
8,Overall,172,1,
8,Overall,173,1,
8,Overall,174,1,
8,Overall,175,1,
8,Overall,176,1,
8,Overall,177,1,
8,Overall,178,1,
8,Overall,179,1,
8,Overall,180,1,
8,Overall,181,1,
8,Overall,182,1,
8,Overall,183,1,
8,Overall,184,1,
8,Overall,185,1,
8,Overall,186,1,
8,Overall,187,1,
8,Overall,188,1,
8,Overall,189,1,
8,Overall,190,1,
8,Overall,191,1.1,
8,Overall,192,1.1,
8,Overall,193,1.1,
8,Overall,194,1.1,
8,Overall,195,1.1,
8,Overall,196,1.1,
8,Overall,197,1.1,
8,Overall,198,1.1,
8,Overall,199,1.1,
8,Overall,200,1.1,
8,Overall,201,1.1,
8,Overall,202,1.1,
8,Overall,203,1.1,
8,Overall,204,1.2,
8,Overall,205,1.2,
8,Overall,206,1.2,
8,Overall,207,1.2,
8,Overall,208,1.2,
8,Overall,209,1.2,
8,Overall,210,1.2,
8,Overall,211,1.2,
8,Overall,212,1.2,
8,Overall,213,1.2,
8,Overall,214,1.2,
8,Overall,215,1.2,
8,Overall,216,1.3,
8,Overall,217,1.3,
8,Overall,218,1.3,
8,Overall,219,1.3,
8,Overall,220,1.3,
8,Overall,221,1.3,
8,Overall,222,1.3,
8,Overall,223,1.3,
8,Overall,224,1.3,
8,Overall,225,1.3,
8,Overall,226,1.3,
8,Overall,227,1.3,
8,Overall,228,1.3,
8,Overall,229,1.4,
8,Overall,230,1.4,
8,Overall,231,1.4,
8,Overall,232,1.4,
8,Overall,233,1.4,
8,Overall,234,1.4,
8,Overall,235,1.4,
8,Overall,236,1.4,
8,Overall,237,1.4,
8,Overall,238,1.4,
8,Overall,239,1.4,
8,Overall,240,1.4,
8,Overall,241,1.5,
8,Overall,242,1.5,
8,Overall,243,1.5,
8,Overall,244,1.5,
8,Overall,245,1.5,
8,Overall,246,1.5,
8,Overall,247,1.5,
8,Overall,248,1.5,
8,Overall,249,1.5,
8,Overall,250,1.5,
8,Overall,251,1.5,
8,Overall,252,1.5,
8,Overall,253,1.5,
8,Overall,254,1.6,
8,Overall,255,1.6,
8,Overall,256,1.6,
8,Overall,257,1.6,
8,Overall,258,1.6,
8,Overall,259,1.6,
8,Overall,260,1.6,
8,Overall,261,1.6,
8,Overall,262,1.6,
8,Overall,263,1.6,
8,Overall,264,1.6,
8,Overall,265,1.6,
8,Overall,266,1.6,
8,Overall,267,1.7,
8,Overall,268,1.7,
8,Overall,269,1.7,
8,Overall,270,1.7,
8,Overall,271,1.7,
8,Overall,272,1.7,
8,Overall,273,1.7,
8,Overall,274,1.7,
8,Overall,275,1.7,
8,Overall,276,1.7,
8,Overall,277,1.7,
8,Overall,278,1.7,
8,Overall,279,1.8,
8,Overall,280,1.8,
8,Overall,281,1.8,
8,Overall,282,1.8,
8,Overall,283,1.8,
8,Overall,284,1.8,
8,Overall,285,1.8,
8,Overall,286,1.8,
8,Overall,287,1.8,
8,Overall,288,1.8,
8,Overall,289,1.8,
8,Overall,290,1.8,
8,Overall,291,1.8,
8,Overall,292,1.9,
8,Overall,293,1.9,
8,Overall,294,1.9,
8,Overall,295,1.9,
8,Overall,296,1.9,
8,Overall,297,1.9,
8,Overall,298,1.9,
8,Overall,299,1.9,
8,Overall,300,1.9,
8,Overall,301,1.9,
8,Overall,302,1.9,
8,Overall,303,1.9,
8,Overall,304,2,
8,Overall,305,2,
8,Overall,306,2,
8,Overall,307,2,
8,Overall,308,2.1,
8,Overall,309,2.1,
8,Overall,310,2.1,
8,Overall,311,2.2,
8,Overall,312,2.2,
8,Overall,313,2.2,
8,Overall,314,2.3,
8,Overall,315,2.3,
8,Overall,316,2.3,
8,Overall,317,2.3,
8,Overall,318,2.4,
8,Overall,319,2.4,
8,Overall,320,2.4,
8,Overall,321,2.5,
8,Overall,322,2.5,
8,Overall,323,2.5,
8,Overall,324,2.6,
8,Overall,325,2.6,
8,Overall,326,2.6,
8,Overall,327,2.6,
8,Overall,328,2.7,
8,Overall,329,2.7,
8,Overall,330,2.7,
8,Overall,331,2.8,
8,Overall,332,2.8,
8,Overall,333,2.8,
8,Overall,334,2.9,
8,Overall,335,2.9,
8,Overall,336,2.9,
8,Overall,337,3,
8,Overall,338,3,
8,Overall,339,3,
8,Overall,340,3,
8,Overall,341,3,
8,Overall,342,3.1,
8,Overall,343,3.1,
8,Overall,344,3.1,
8,Overall,345,3.1,
8,Overall,346,3.2,
8,Overall,347,3.2,
8,Overall,348,3.2,
8,Overall,349,3.2,
8,Overall,350,3.3,
8,Overall,351,3.3,
8,Overall,352,3.3,
8,Overall,353,3.3,
8,Overall,354,3.4,
8,Overall,355,3.4,
8,Overall,356,3.4,
8,Overall,357,3.4,
8,Overall,358,3.5,
8,Overall,359,3.5,
8,Overall,360,3.5,
8,Overall,361,3.5,
8,Overall,362,3.6,
8,Overall,363,3.6,
8,Overall,364,3.6,
8,Overall,365,3.6,
8,Overall,366,3.7,
8,Overall,367,3.7,
8,Overall,368,3.7,
8,Overall,369,3.7,
8,Overall,370,3.8,
8,Overall,371,3.8,
8,Overall,372,3.8,
8,Overall,373,3.8,
8,Overall,374,3.9,
8,Overall,375,3.9,
8,Overall,376,3.9,
8,Overall,377,3.9,
8,Overall,378,4,
8,Overall,379,4,
8,Overall,380,4,
8,Overall,381,4,
8,Overall,382,4.1,
8,Overall,383,4.1,
8,Overall,384,4.1,
8,Overall,385,4.2,
8,Overall,386,4.2,
8,Overall,387,4.2,
8,Overall,388,4.2,
8,Overall,389,4.3,
8,Overall,390,4.3,
8,Overall,391,4.3,
8,Overall,392,4.4,
8,Overall,393,4.4,
8,Overall,394,4.4,
8,Overall,395,4.5,
8,Overall,396,4.5,
8,Overall,397,4.5,
8,Overall,398,4.5,
8,Overall,399,4.6,
8,Overall,400,4.6,
8,Overall,401,4.6,
8,Overall,402,4.7,
8,Overall,403,4.7,
8,Overall,404,4.7,
8,Overall,405,4.7,
8,Overall,406,4.8,
8,Overall,407,4.8,
8,Overall,408,4.8,
8,Overall,409,4.9,
8,Overall,410,4.9,
8,Overall,411,4.9,
8,Overall,412,5,
8,Overall,413,5,
8,Overall,414,5,
8,Overall,415,5.1,
8,Overall,416,5.1,
8,Overall,417,5.1,
8,Overall,418,5.2,
8,Overall,419,5.2,
8,Overall,420,5.3,
8,Overall,421,5.3,
8,Overall,422,5.3,
8,Overall,423,5.4,
8,Overall,424,5.4,
8,Overall,425,5.5,
8,Overall,426,5.5,
8,Overall,427,5.5,
8,Overall,428,5.6,
8,Overall,429,5.6,
8,Overall,430,5.6,
8,Overall,431,5.7,
8,Overall,432,5.7,
8,Overall,433,5.8,
8,Overall,434,5.8,
8,Overall,435,5.8,
8,Overall,436,5.9,
8,Overall,437,5.9,
8,Overall,438,6,
8,Overall,439,6,
8,Overall,440,6,
8,Overall,441,6,
8,Overall,442,6,
8,Overall,443,6,
8,Overall,444,6,
8,Overall,445,6,
8,Overall,446,6,
8,Overall,447,6,
8,Overall,448,6,
8,Overall,449,6,
8,Overall,450,6,
8,Overall,451,6,
8,Overall,452,6,
8,Overall,453,6,
8,Overall,454,6,
8,Overall,455,6,
8,Overall,456,6,
8,Overall,457,6,
8,Overall,458,6,
8,Overall,459,6,
8,Overall,460,6,
8,Overall,461,6,
8,Overall,462,6,
8,Overall,463,6,
8,Overall,464,6,
8,Overall,465,6,
8,Overall,466,6,
8,Overall,467,6,
8,Overall,468,6,
8,Overall,469,6,
8,Overall,470,6,
8,Overall,471,6,
8,Overall,472,6,
8,Overall,473,6,
8,Overall,474,6,
8,Overall,475,6,
8,Overall,476,6,
8,Overall,477,6,
8,Overall,478,6,
8,Overall,479,6,
8,Overall,480,6,
8,Overall,481,6,
8,Overall,482,6,
8,Overall,483,6,
8,Overall,484,6,
8,Overall,485,6,
8,Overall,486,6,
8,Overall,487,6,
8,Overall,488,6,
8,Overall,489,6,
8,Overall,490,6,
8,Overall,491,6,
8,Overall,492,6,
8,Overall,493,6,
8,Overall,494,6,
8,Overall,495,6,
8,Overall,496,6,
8,Overall,497,6,
8,Overall,498,6,
8,Overall,499,6,
8,Overall,500,6,
8,Overall,501,6,
8,Overall,502,6,
8,Overall,503,6,
8,Overall,504,6,
8,Overall,505,6,
8,Overall,506,6,
8,Overall,507,6,
8,Overall,508,6,
8,Overall,509,6,
8,Overall,510,6,
8,Overall,511,6,
8,Overall,512,6,
8,Overall,513,6,
8,Overall,514,6,
8,Overall,515,6,
8,Overall,516,6,
8,Overall,517,6,
8,Overall,518,6,
8,Overall,519,6,
8,Overall,520,6,
8,Overall,521,6,
8,Overall,522,6,
8,Overall,523,6,
8,Overall,524,6,
8,Overall,525,6,
8,Overall,526,6,
8,Overall,527,6,
8,Overall,528,6,
8,Overall,529,6,
8,Overall,530,6,
8,Overall,531,6,
8,Overall,532,6,
8,Overall,533,6,
8,Overall,534,6,
8,Overall,535,6,
8,Overall,536,6,
8,Overall,537,6,
8,Overall,538,6,
8,Overall,539,6,
8,Overall,540,6,
8,Overall,541,6,
8,Overall,542,6,
8,Overall,543,6,
8,Overall,544,6,
8,Overall,545,6,
8,Overall,546,6,
8,Overall,547,6,
8,Overall,548,6,
8,Overall,549,6,
8,Overall,550,6,
8,Overall,551,6,
8,Overall,552,6,
8,Overall,553,6,
8,Overall,554,6,
8,Overall,555,6,
8,Overall,556,6,
8,Overall,557,6,
8,Overall,558,6,
8,Overall,559,6,
8,Overall,560,6,
8,Overall,561,6,
8,Overall,562,6,
8,Overall,563,6,
8,Overall,564,6,
8,Overall,565,6,
8,Overall,566,6,
8,Overall,567,6,
8,Overall,568,6,
8,Overall,569,6,
8,Overall,570,6,
8,Overall,571,6,
8,Overall,572,6,
8,Overall,573,6,
8,Overall,574,6,
8,Overall,575,6,
8,Overall,576,6,
8,Overall,577,6,
8,Overall,578,6,
8,Overall,579,6,
8,Overall,580,6,
8,Overall,581,6,
8,Overall,582,6,
8,Overall,583,6,
8,Overall,584,6,
8,Overall,585,6,
8,Overall,586,6,
8,Overall,587,6,
8,Overall,588,6,
8,Overall,589,6,
8,Overall,590,6,
8,Overall,591,6,
8,Overall,592,6,
8,Overall,593,6,
8,Overall,594,6,
8,Overall,595,6,
8,Overall,596,6,
8,Overall,597,6,
8,Overall,598,6,
8,Overall,599,6,
8,Overall,600,6,
9,Overall,100,1,
9,Overall,101,1,
9,Overall,102,1,
9,Overall,103,1,
9,Overall,104,1,
9,Overall,105,1,
9,Overall,106,1,
9,Overall,107,1,
9,Overall,108,1,
9,Overall,109,1,
9,Overall,110,1,
9,Overall,111,1,
9,Overall,112,1,
9,Overall,113,1,
9,Overall,114,1,
9,Overall,115,1,
9,Overall,116,1,
9,Overall,117,1,
9,Overall,118,1,
9,Overall,119,1,
9,Overall,120,1,
9,Overall,121,1,
9,Overall,122,1,
9,Overall,123,1,
9,Overall,124,1,
9,Overall,125,1,
9,Overall,126,1,
9,Overall,127,1,
9,Overall,128,1,
9,Overall,129,1,
9,Overall,130,1,
9,Overall,131,1,
9,Overall,132,1,
9,Overall,133,1,
9,Overall,134,1,
9,Overall,135,1,
9,Overall,136,1,
9,Overall,137,1,
9,Overall,138,1,
9,Overall,139,1,
9,Overall,140,1,
9,Overall,141,1,
9,Overall,142,1,
9,Overall,143,1,
9,Overall,144,1,
9,Overall,145,1,
9,Overall,146,1,
9,Overall,147,1,
9,Overall,148,1,
9,Overall,149,1,
9,Overall,150,1,
9,Overall,151,1,
9,Overall,152,1,
9,Overall,153,1,
9,Overall,154,1,
9,Overall,155,1,
9,Overall,156,1,
9,Overall,157,1,
9,Overall,158,1,
9,Overall,159,1,
9,Overall,160,1,
9,Overall,161,1,
9,Overall,162,1,
9,Overall,163,1,
9,Overall,164,1,
9,Overall,165,1,
9,Overall,166,1,
9,Overall,167,1,
9,Overall,168,1,
9,Overall,169,1,
9,Overall,170,1,
9,Overall,171,1,
9,Overall,172,1,
9,Overall,173,1,
9,Overall,174,1,
9,Overall,175,1,
9,Overall,176,1,
9,Overall,177,1,
9,Overall,178,1,
9,Overall,179,1,
9,Overall,180,1,
9,Overall,181,1,
9,Overall,182,1,
9,Overall,183,1,
9,Overall,184,1,
9,Overall,185,1,
9,Overall,186,1,
9,Overall,187,1,
9,Overall,188,1,
9,Overall,189,1,
9,Overall,190,1,
9,Overall,191,1,
9,Overall,192,1,
9,Overall,193,1,
9,Overall,194,1,
9,Overall,195,1,
9,Overall,196,1,
9,Overall,197,1,
9,Overall,198,1,
9,Overall,199,1.1,
9,Overall,200,1.1,
9,Overall,201,1.1,
9,Overall,202,1.1,
9,Overall,203,1.1,
9,Overall,204,1.1,
9,Overall,205,1.1,
9,Overall,206,1.1,
9,Overall,207,1.1,
9,Overall,208,1.1,
9,Overall,209,1.1,
9,Overall,210,1.1,
9,Overall,211,1.2,
9,Overall,212,1.2,
9,Overall,213,1.2,
9,Overall,214,1.2,
9,Overall,215,1.2,
9,Overall,216,1.2,
9,Overall,217,1.2,
9,Overall,218,1.2,
9,Overall,219,1.2,
9,Overall,220,1.2,
9,Overall,221,1.2,
9,Overall,222,1.2,
9,Overall,223,1.2,
9,Overall,224,1.3,
9,Overall,225,1.3,
9,Overall,226,1.3,
9,Overall,227,1.3,
9,Overall,228,1.3,
9,Overall,229,1.3,
9,Overall,230,1.3,
9,Overall,231,1.3,
9,Overall,232,1.3,
9,Overall,233,1.3,
9,Overall,234,1.3,
9,Overall,235,1.3,
9,Overall,236,1.4,
9,Overall,237,1.4,
9,Overall,238,1.4,
9,Overall,239,1.4,
9,Overall,240,1.4,
9,Overall,241,1.4,
9,Overall,242,1.4,
9,Overall,243,1.4,
9,Overall,244,1.4,
9,Overall,245,1.4,
9,Overall,246,1.4,
9,Overall,247,1.4,
9,Overall,248,1.4,
9,Overall,249,1.5,
9,Overall,250,1.5,
9,Overall,251,1.5,
9,Overall,252,1.5,
9,Overall,253,1.5,
9,Overall,254,1.5,
9,Overall,255,1.5,
9,Overall,256,1.5,
9,Overall,257,1.5,
9,Overall,258,1.5,
9,Overall,259,1.5,
9,Overall,260,1.5,
9,Overall,261,1.6,
9,Overall,262,1.6,
9,Overall,263,1.6,
9,Overall,264,1.6,
9,Overall,265,1.6,
9,Overall,266,1.6,
9,Overall,267,1.6,
9,Overall,268,1.6,
9,Overall,269,1.6,
9,Overall,270,1.6,
9,Overall,271,1.6,
9,Overall,272,1.6,
9,Overall,273,1.6,
9,Overall,274,1.7,
9,Overall,275,1.7,
9,Overall,276,1.7,
9,Overall,277,1.7,
9,Overall,278,1.7,
9,Overall,279,1.7,
9,Overall,280,1.7,
9,Overall,281,1.7,
9,Overall,282,1.7,
9,Overall,283,1.7,
9,Overall,284,1.7,
9,Overall,285,1.7,
9,Overall,286,1.8,
9,Overall,287,1.8,
9,Overall,288,1.8,
9,Overall,289,1.8,
9,Overall,290,1.8,
9,Overall,291,1.8,
9,Overall,292,1.8,
9,Overall,293,1.8,
9,Overall,294,1.8,
9,Overall,295,1.8,
9,Overall,296,1.8,
9,Overall,297,1.8,
9,Overall,298,1.8,
9,Overall,299,1.9,
9,Overall,300,1.9,
9,Overall,301,1.9,
9,Overall,302,1.9,
9,Overall,303,1.9,
9,Overall,304,1.9,
9,Overall,305,1.9,
9,Overall,306,1.9,
9,Overall,307,1.9,
9,Overall,308,1.9,
9,Overall,309,1.9,
9,Overall,310,1.9,
9,Overall,311,2,
9,Overall,312,2,
9,Overall,313,2,
9,Overall,314,2,
9,Overall,315,2.1,
9,Overall,316,2.1,
9,Overall,317,2.1,
9,Overall,318,2.2,
9,Overall,319,2.2,
9,Overall,320,2.2,
9,Overall,321,2.3,
9,Overall,322,2.3,
9,Overall,323,2.3,
9,Overall,324,2.3,
9,Overall,325,2.4,
9,Overall,326,2.4,
9,Overall,327,2.4,
9,Overall,328,2.5,
9,Overall,329,2.5,
9,Overall,330,2.5,
9,Overall,331,2.6,
9,Overall,332,2.6,
9,Overall,333,2.6,
9,Overall,334,2.6,
9,Overall,335,2.7,
9,Overall,336,2.7,
9,Overall,337,2.7,
9,Overall,338,2.8,
9,Overall,339,2.8,
9,Overall,340,2.8,
9,Overall,341,2.9,
9,Overall,342,2.9,
9,Overall,343,2.9,
9,Overall,344,3,
9,Overall,345,3,
9,Overall,346,3,
9,Overall,347,3,
9,Overall,348,3,
9,Overall,349,3.1,
9,Overall,350,3.1,
9,Overall,351,3.1,
9,Overall,352,3.1,
9,Overall,353,3.2,
9,Overall,354,3.2,
9,Overall,355,3.2,
9,Overall,356,3.2,
9,Overall,357,3.3,
9,Overall,358,3.3,
9,Overall,359,3.3,
9,Overall,360,3.3,
9,Overall,361,3.4,
9,Overall,362,3.4,
9,Overall,363,3.4,
9,Overall,364,3.4,
9,Overall,365,3.5,
9,Overall,366,3.5,
9,Overall,367,3.5,
9,Overall,368,3.5,
9,Overall,369,3.6,
9,Overall,370,3.6,
9,Overall,371,3.6,
9,Overall,372,3.6,
9,Overall,373,3.7,
9,Overall,374,3.7,
9,Overall,375,3.7,
9,Overall,376,3.7,
9,Overall,377,3.8,
9,Overall,378,3.8,
9,Overall,379,3.8,
9,Overall,380,3.8,
9,Overall,381,3.9,
9,Overall,382,3.9,
9,Overall,383,3.9,
9,Overall,384,3.9,
9,Overall,385,4,
9,Overall,386,4,
9,Overall,387,4,
9,Overall,388,4,
9,Overall,389,4.1,
9,Overall,390,4.1,
9,Overall,391,4.1,
9,Overall,392,4.2,
9,Overall,393,4.2,
9,Overall,394,4.2,
9,Overall,395,4.3,
9,Overall,396,4.3,
9,Overall,397,4.3,
9,Overall,398,4.3,
9,Overall,399,4.4,
9,Overall,400,4.4,
9,Overall,401,4.4,
9,Overall,402,4.5,
9,Overall,403,4.5,
9,Overall,404,4.5,
9,Overall,405,4.6,
9,Overall,406,4.6,
9,Overall,407,4.6,
9,Overall,408,4.6,
9,Overall,409,4.7,
9,Overall,410,4.7,
9,Overall,411,4.7,
9,Overall,412,4.8,
9,Overall,413,4.8,
9,Overall,414,4.8,
9,Overall,415,4.9,
9,Overall,416,4.9,
9,Overall,417,4.9,
9,Overall,418,5,
9,Overall,419,5,
9,Overall,420,5,
9,Overall,421,5.1,
9,Overall,422,5.1,
9,Overall,423,5.1,
9,Overall,424,5.2,
9,Overall,425,5.2,
9,Overall,426,5.2,
9,Overall,427,5.3,
9,Overall,428,5.3,
9,Overall,429,5.3,
9,Overall,430,5.4,
9,Overall,431,5.4,
9,Overall,432,5.5,
9,Overall,433,5.5,
9,Overall,434,5.5,
9,Overall,435,5.6,
9,Overall,436,5.6,
9,Overall,437,5.6,
9,Overall,438,5.7,
9,Overall,439,5.7,
9,Overall,440,5.7,
9,Overall,441,5.8,
9,Overall,442,5.8,
9,Overall,443,5.8,
9,Overall,444,5.9,
9,Overall,445,5.9,
9,Overall,446,6,
9,Overall,447,6,
9,Overall,448,6,
9,Overall,449,6,
9,Overall,450,6,
9,Overall,451,6,
9,Overall,452,6,
9,Overall,453,6,
9,Overall,454,6,
9,Overall,455,6,
9,Overall,456,6,
9,Overall,457,6,
9,Overall,458,6,
9,Overall,459,6,
9,Overall,460,6,
9,Overall,461,6,
9,Overall,462,6,
9,Overall,463,6,
9,Overall,464,6,
9,Overall,465,6,
9,Overall,466,6,
9,Overall,467,6,
9,Overall,468,6,
9,Overall,469,6,
9,Overall,470,6,
9,Overall,471,6,
9,Overall,472,6,
9,Overall,473,6,
9,Overall,474,6,
9,Overall,475,6,
9,Overall,476,6,
9,Overall,477,6,
9,Overall,478,6,
9,Overall,479,6,
9,Overall,480,6,
9,Overall,481,6,
9,Overall,482,6,
9,Overall,483,6,
9,Overall,484,6,
9,Overall,485,6,
9,Overall,486,6,
9,Overall,487,6,
9,Overall,488,6,
9,Overall,489,6,
9,Overall,490,6,
9,Overall,491,6,
9,Overall,492,6,
9,Overall,493,6,
9,Overall,494,6,
9,Overall,495,6,
9,Overall,496,6,
9,Overall,497,6,
9,Overall,498,6,
9,Overall,499,6,
9,Overall,500,6,
9,Overall,501,6,
9,Overall,502,6,
9,Overall,503,6,
9,Overall,504,6,
9,Overall,505,6,
9,Overall,506,6,
9,Overall,507,6,
9,Overall,508,6,
9,Overall,509,6,
9,Overall,510,6,
9,Overall,511,6,
9,Overall,512,6,
9,Overall,513,6,
9,Overall,514,6,
9,Overall,515,6,
9,Overall,516,6,
9,Overall,517,6,
9,Overall,518,6,
9,Overall,519,6,
9,Overall,520,6,
9,Overall,521,6,
9,Overall,522,6,
9,Overall,523,6,
9,Overall,524,6,
9,Overall,525,6,
9,Overall,526,6,
9,Overall,527,6,
9,Overall,528,6,
9,Overall,529,6,
9,Overall,530,6,
9,Overall,531,6,
9,Overall,532,6,
9,Overall,533,6,
9,Overall,534,6,
9,Overall,535,6,
9,Overall,536,6,
9,Overall,537,6,
9,Overall,538,6,
9,Overall,539,6,
9,Overall,540,6,
9,Overall,541,6,
9,Overall,542,6,
9,Overall,543,6,
9,Overall,544,6,
9,Overall,545,6,
9,Overall,546,6,
9,Overall,547,6,
9,Overall,548,6,
9,Overall,549,6,
9,Overall,550,6,
9,Overall,551,6,
9,Overall,552,6,
9,Overall,553,6,
9,Overall,554,6,
9,Overall,555,6,
9,Overall,556,6,
9,Overall,557,6,
9,Overall,558,6,
9,Overall,559,6,
9,Overall,560,6,
9,Overall,561,6,
9,Overall,562,6,
9,Overall,563,6,
9,Overall,564,6,
9,Overall,565,6,
9,Overall,566,6,
9,Overall,567,6,
9,Overall,568,6,
9,Overall,569,6,
9,Overall,570,6,
9,Overall,571,6,
9,Overall,572,6,
9,Overall,573,6,
9,Overall,574,6,
9,Overall,575,6,
9,Overall,576,6,
9,Overall,577,6,
9,Overall,578,6,
9,Overall,579,6,
9,Overall,580,6,
9,Overall,581,6,
9,Overall,582,6,
9,Overall,583,6,
9,Overall,584,6,
9,Overall,585,6,
9,Overall,586,6,
9,Overall,587,6,
9,Overall,588,6,
9,Overall,589,6,
9,Overall,590,6,
9,Overall,591,6,
9,Overall,592,6,
9,Overall,593,6,
9,Overall,594,6,
9,Overall,595,6,
9,Overall,596,6,
9,Overall,597,6,
9,Overall,598,6,
9,Overall,599,6,
9,Overall,600,6,
10,Overall,100,1,
10,Overall,101,1,
10,Overall,102,1,
10,Overall,103,1,
10,Overall,104,1,
10,Overall,105,1,
10,Overall,106,1,
10,Overall,107,1,
10,Overall,108,1,
10,Overall,109,1,
10,Overall,110,1,
10,Overall,111,1,
10,Overall,112,1,
10,Overall,113,1,
10,Overall,114,1,
10,Overall,115,1,
10,Overall,116,1,
10,Overall,117,1,
10,Overall,118,1,
10,Overall,119,1,
10,Overall,120,1,
10,Overall,121,1,
10,Overall,122,1,
10,Overall,123,1,
10,Overall,124,1,
10,Overall,125,1,
10,Overall,126,1,
10,Overall,127,1,
10,Overall,128,1,
10,Overall,129,1,
10,Overall,130,1,
10,Overall,131,1,
10,Overall,132,1,
10,Overall,133,1,
10,Overall,134,1,
10,Overall,135,1,
10,Overall,136,1,
10,Overall,137,1,
10,Overall,138,1,
10,Overall,139,1,
10,Overall,140,1,
10,Overall,141,1,
10,Overall,142,1,
10,Overall,143,1,
10,Overall,144,1,
10,Overall,145,1,
10,Overall,146,1,
10,Overall,147,1,
10,Overall,148,1,
10,Overall,149,1,
10,Overall,150,1,
10,Overall,151,1,
10,Overall,152,1,
10,Overall,153,1,
10,Overall,154,1,
10,Overall,155,1,
10,Overall,156,1,
10,Overall,157,1,
10,Overall,158,1,
10,Overall,159,1,
10,Overall,160,1,
10,Overall,161,1,
10,Overall,162,1,
10,Overall,163,1,
10,Overall,164,1,
10,Overall,165,1,
10,Overall,166,1,
10,Overall,167,1,
10,Overall,168,1,
10,Overall,169,1,
10,Overall,170,1,
10,Overall,171,1,
10,Overall,172,1,
10,Overall,173,1,
10,Overall,174,1,
10,Overall,175,1,
10,Overall,176,1,
10,Overall,177,1,
10,Overall,178,1,
10,Overall,179,1,
10,Overall,180,1,
10,Overall,181,1,
10,Overall,182,1,
10,Overall,183,1,
10,Overall,184,1,
10,Overall,185,1,
10,Overall,186,1,
10,Overall,187,1,
10,Overall,188,1,
10,Overall,189,1,
10,Overall,190,1,
10,Overall,191,1,
10,Overall,192,1,
10,Overall,193,1,
10,Overall,194,1,
10,Overall,195,1,
10,Overall,196,1,
10,Overall,197,1,
10,Overall,198,1,
10,Overall,199,1,
10,Overall,200,1,
10,Overall,201,1,
10,Overall,202,1,
10,Overall,203,1,
10,Overall,204,1,
10,Overall,205,1,
10,Overall,206,1,
10,Overall,207,1.1,
10,Overall,208,1.1,
10,Overall,209,1.1,
10,Overall,210,1.1,
10,Overall,211,1.1,
10,Overall,212,1.1,
10,Overall,213,1.1,
10,Overall,214,1.1,
10,Overall,215,1.1,
10,Overall,216,1.1,
10,Overall,217,1.1,
10,Overall,218,1.1,
10,Overall,219,1.2,
10,Overall,220,1.2,
10,Overall,221,1.2,
10,Overall,222,1.2,
10,Overall,223,1.2,
10,Overall,224,1.2,
10,Overall,225,1.2,
10,Overall,226,1.2,
10,Overall,227,1.2,
10,Overall,228,1.2,
10,Overall,229,1.2,
10,Overall,230,1.2,
10,Overall,231,1.2,
10,Overall,232,1.3,
10,Overall,233,1.3,
10,Overall,234,1.3,
10,Overall,235,1.3,
10,Overall,236,1.3,
10,Overall,237,1.3,
10,Overall,238,1.3,
10,Overall,239,1.3,
10,Overall,240,1.3,
10,Overall,241,1.3,
10,Overall,242,1.3,
10,Overall,243,1.3,
10,Overall,244,1.4,
10,Overall,245,1.4,
10,Overall,246,1.4,
10,Overall,247,1.4,
10,Overall,248,1.4,
10,Overall,249,1.4,
10,Overall,250,1.4,
10,Overall,251,1.4,
10,Overall,252,1.4,
10,Overall,253,1.4,
10,Overall,254,1.4,
10,Overall,255,1.4,
10,Overall,256,1.5,
10,Overall,257,1.5,
10,Overall,258,1.5,
10,Overall,259,1.5,
10,Overall,260,1.5,
10,Overall,261,1.5,
10,Overall,262,1.5,
10,Overall,263,1.5,
10,Overall,264,1.5,
10,Overall,265,1.5,
10,Overall,266,1.5,
10,Overall,267,1.5,
10,Overall,268,1.5,
10,Overall,269,1.6,
10,Overall,270,1.6,
10,Overall,271,1.6,
10,Overall,272,1.6,
10,Overall,273,1.6,
10,Overall,274,1.6,
10,Overall,275,1.6,
10,Overall,276,1.6,
10,Overall,277,1.6,
10,Overall,278,1.6,
10,Overall,279,1.6,
10,Overall,280,1.6,
10,Overall,281,1.7,
10,Overall,282,1.7,
10,Overall,283,1.7,
10,Overall,284,1.7,
10,Overall,285,1.7,
10,Overall,286,1.7,
10,Overall,287,1.7,
10,Overall,288,1.7,
10,Overall,289,1.7,
10,Overall,290,1.7,
10,Overall,291,1.7,
10,Overall,292,1.7,
10,Overall,293,1.7,
10,Overall,294,1.8,
10,Overall,295,1.8,
10,Overall,296,1.8,
10,Overall,297,1.8,
10,Overall,298,1.8,
10,Overall,299,1.8,
10,Overall,300,1.8,
10,Overall,301,1.8,
10,Overall,302,1.8,
10,Overall,303,1.8,
10,Overall,304,1.8,
10,Overall,305,1.8,
10,Overall,306,1.9,
10,Overall,307,1.9,
10,Overall,308,1.9,
10,Overall,309,1.9,
10,Overall,310,1.9,
10,Overall,311,1.9,
10,Overall,312,1.9,
10,Overall,313,1.9,
10,Overall,314,1.9,
10,Overall,315,1.9,
10,Overall,316,1.9,
10,Overall,317,1.9,
10,Overall,318,2,
10,Overall,319,2,
10,Overall,320,2,
10,Overall,321,2,
10,Overall,322,2.1,
10,Overall,323,2.1,
10,Overall,324,2.1,
10,Overall,325,2.2,
10,Overall,326,2.2,
10,Overall,327,2.2,
10,Overall,328,2.3,
10,Overall,329,2.3,
10,Overall,330,2.3,
10,Overall,331,2.4,
10,Overall,332,2.4,
10,Overall,333,2.4,
10,Overall,334,2.5,
10,Overall,335,2.5,
10,Overall,336,2.5,
10,Overall,337,2.5,
10,Overall,338,2.6,
10,Overall,339,2.6,
10,Overall,340,2.6,
10,Overall,341,2.7,
10,Overall,342,2.7,
10,Overall,343,2.7,
10,Overall,344,2.8,
10,Overall,345,2.8,
10,Overall,346,2.8,
10,Overall,347,2.9,
10,Overall,348,2.9,
10,Overall,349,2.9,
10,Overall,350,3,
10,Overall,351,3,
10,Overall,352,3,
10,Overall,353,3,
10,Overall,354,3,
10,Overall,355,3.1,
10,Overall,356,3.1,
10,Overall,357,3.1,
10,Overall,358,3.1,
10,Overall,359,3.2,
10,Overall,360,3.2,
10,Overall,361,3.2,
10,Overall,362,3.2,
10,Overall,363,3.3,
10,Overall,364,3.3,
10,Overall,365,3.3,
10,Overall,366,3.3,
10,Overall,367,3.4,
10,Overall,368,3.4,
10,Overall,369,3.4,
10,Overall,370,3.4,
10,Overall,371,3.5,
10,Overall,372,3.5,
10,Overall,373,3.5,
10,Overall,374,3.5,
10,Overall,375,3.6,
10,Overall,376,3.6,
10,Overall,377,3.6,
10,Overall,378,3.6,
10,Overall,379,3.7,
10,Overall,380,3.7,
10,Overall,381,3.7,
10,Overall,382,3.7,
10,Overall,383,3.8,
10,Overall,384,3.8,
10,Overall,385,3.8,
10,Overall,386,3.8,
10,Overall,387,3.9,
10,Overall,388,3.9,
10,Overall,389,3.9,
10,Overall,390,3.9,
10,Overall,391,4,
10,Overall,392,4,
10,Overall,393,4,
10,Overall,394,4,
10,Overall,395,4.1,
10,Overall,396,4.1,
10,Overall,397,4.1,
10,Overall,398,4.2,
10,Overall,399,4.2,
10,Overall,400,4.2,
10,Overall,401,4.3,
10,Overall,402,4.3,
10,Overall,403,4.3,
10,Overall,404,4.3,
10,Overall,405,4.4,
10,Overall,406,4.4,
10,Overall,407,4.4,
10,Overall,408,4.5,
10,Overall,409,4.5,
10,Overall,410,4.5,
10,Overall,411,4.6,
10,Overall,412,4.6,
10,Overall,413,4.6,
10,Overall,414,4.6,
10,Overall,415,4.7,
10,Overall,416,4.7,
10,Overall,417,4.7,
10,Overall,418,4.8,
10,Overall,419,4.8,
10,Overall,420,4.8,
10,Overall,421,4.9,
10,Overall,422,4.9,
10,Overall,423,4.9,
10,Overall,424,5,
10,Overall,425,5,
10,Overall,426,5,
10,Overall,427,5.1,
10,Overall,428,5.1,
10,Overall,429,5.1,
10,Overall,430,5.2,
10,Overall,431,5.2,
10,Overall,432,5.2,
10,Overall,433,5.3,
10,Overall,434,5.3,
10,Overall,435,5.3,
10,Overall,436,5.4,
10,Overall,437,5.4,
10,Overall,438,5.4,
10,Overall,439,5.5,
10,Overall,440,5.5,
10,Overall,441,5.5,
10,Overall,442,5.6,
10,Overall,443,5.6,
10,Overall,444,5.6,
10,Overall,445,5.7,
10,Overall,446,5.7,
10,Overall,447,5.7,
10,Overall,448,5.8,
10,Overall,449,5.8,
10,Overall,450,5.8,
10,Overall,451,5.9,
10,Overall,452,5.9,
10,Overall,453,6,
10,Overall,454,6,
10,Overall,455,6,
10,Overall,456,6,
10,Overall,457,6,
10,Overall,458,6,
10,Overall,459,6,
10,Overall,460,6,
10,Overall,461,6,
10,Overall,462,6,
10,Overall,463,6,
10,Overall,464,6,
10,Overall,465,6,
10,Overall,466,6,
10,Overall,467,6,
10,Overall,468,6,
10,Overall,469,6,
10,Overall,470,6,
10,Overall,471,6,
10,Overall,472,6,
10,Overall,473,6,
10,Overall,474,6,
10,Overall,475,6,
10,Overall,476,6,
10,Overall,477,6,
10,Overall,478,6,
10,Overall,479,6,
10,Overall,480,6,
10,Overall,481,6,
10,Overall,482,6,
10,Overall,483,6,
10,Overall,484,6,
10,Overall,485,6,
10,Overall,486,6,
10,Overall,487,6,
10,Overall,488,6,
10,Overall,489,6,
10,Overall,490,6,
10,Overall,491,6,
10,Overall,492,6,
10,Overall,493,6,
10,Overall,494,6,
10,Overall,495,6,
10,Overall,496,6,
10,Overall,497,6,
10,Overall,498,6,
10,Overall,499,6,
10,Overall,500,6,
10,Overall,501,6,
10,Overall,502,6,
10,Overall,503,6,
10,Overall,504,6,
10,Overall,505,6,
10,Overall,506,6,
10,Overall,507,6,
10,Overall,508,6,
10,Overall,509,6,
10,Overall,510,6,
10,Overall,511,6,
10,Overall,512,6,
10,Overall,513,6,
10,Overall,514,6,
10,Overall,515,6,
10,Overall,516,6,
10,Overall,517,6,
10,Overall,518,6,
10,Overall,519,6,
10,Overall,520,6,
10,Overall,521,6,
10,Overall,522,6,
10,Overall,523,6,
10,Overall,524,6,
10,Overall,525,6,
10,Overall,526,6,
10,Overall,527,6,
10,Overall,528,6,
10,Overall,529,6,
10,Overall,530,6,
10,Overall,531,6,
10,Overall,532,6,
10,Overall,533,6,
10,Overall,534,6,
10,Overall,535,6,
10,Overall,536,6,
10,Overall,537,6,
10,Overall,538,6,
10,Overall,539,6,
10,Overall,540,6,
10,Overall,541,6,
10,Overall,542,6,
10,Overall,543,6,
10,Overall,544,6,
10,Overall,545,6,
10,Overall,546,6,
10,Overall,547,6,
10,Overall,548,6,
10,Overall,549,6,
10,Overall,550,6,
10,Overall,551,6,
10,Overall,552,6,
10,Overall,553,6,
10,Overall,554,6,
10,Overall,555,6,
10,Overall,556,6,
10,Overall,557,6,
10,Overall,558,6,
10,Overall,559,6,
10,Overall,560,6,
10,Overall,561,6,
10,Overall,562,6,
10,Overall,563,6,
10,Overall,564,6,
10,Overall,565,6,
10,Overall,566,6,
10,Overall,567,6,
10,Overall,568,6,
10,Overall,569,6,
10,Overall,570,6,
10,Overall,571,6,
10,Overall,572,6,
10,Overall,573,6,
10,Overall,574,6,
10,Overall,575,6,
10,Overall,576,6,
10,Overall,577,6,
10,Overall,578,6,
10,Overall,579,6,
10,Overall,580,6,
10,Overall,581,6,
10,Overall,582,6,
10,Overall,583,6,
10,Overall,584,6,
10,Overall,585,6,
10,Overall,586,6,
10,Overall,587,6,
10,Overall,588,6,
10,Overall,589,6,
10,Overall,590,6,
10,Overall,591,6,
10,Overall,592,6,
10,Overall,593,6,
10,Overall,594,6,
10,Overall,595,6,
10,Overall,596,6,
10,Overall,597,6,
10,Overall,598,6,
10,Overall,599,6,
10,Overall,600,6,
11,Overall,100,1,
11,Overall,101,1,
11,Overall,102,1,
11,Overall,103,1,
11,Overall,104,1,
11,Overall,105,1,
11,Overall,106,1,
11,Overall,107,1,
11,Overall,108,1,
11,Overall,109,1,
11,Overall,110,1,
11,Overall,111,1,
11,Overall,112,1,
11,Overall,113,1,
11,Overall,114,1,
11,Overall,115,1,
11,Overall,116,1,
11,Overall,117,1,
11,Overall,118,1,
11,Overall,119,1,
11,Overall,120,1,
11,Overall,121,1,
11,Overall,122,1,
11,Overall,123,1,
11,Overall,124,1,
11,Overall,125,1,
11,Overall,126,1,
11,Overall,127,1,
11,Overall,128,1,
11,Overall,129,1,
11,Overall,130,1,
11,Overall,131,1,
11,Overall,132,1,
11,Overall,133,1,
11,Overall,134,1,
11,Overall,135,1,
11,Overall,136,1,
11,Overall,137,1,
11,Overall,138,1,
11,Overall,139,1,
11,Overall,140,1,
11,Overall,141,1,
11,Overall,142,1,
11,Overall,143,1,
11,Overall,144,1,
11,Overall,145,1,
11,Overall,146,1,
11,Overall,147,1,
11,Overall,148,1,
11,Overall,149,1,
11,Overall,150,1,
11,Overall,151,1,
11,Overall,152,1,
11,Overall,153,1,
11,Overall,154,1,
11,Overall,155,1,
11,Overall,156,1,
11,Overall,157,1,
11,Overall,158,1,
11,Overall,159,1,
11,Overall,160,1,
11,Overall,161,1,
11,Overall,162,1,
11,Overall,163,1,
11,Overall,164,1,
11,Overall,165,1,
11,Overall,166,1,
11,Overall,167,1,
11,Overall,168,1,
11,Overall,169,1,
11,Overall,170,1,
11,Overall,171,1,
11,Overall,172,1,
11,Overall,173,1,
11,Overall,174,1,
11,Overall,175,1,
11,Overall,176,1,
11,Overall,177,1,
11,Overall,178,1,
11,Overall,179,1,
11,Overall,180,1,
11,Overall,181,1,
11,Overall,182,1,
11,Overall,183,1,
11,Overall,184,1,
11,Overall,185,1,
11,Overall,186,1,
11,Overall,187,1,
11,Overall,188,1,
11,Overall,189,1,
11,Overall,190,1,
11,Overall,191,1,
11,Overall,192,1,
11,Overall,193,1,
11,Overall,194,1,
11,Overall,195,1,
11,Overall,196,1,
11,Overall,197,1,
11,Overall,198,1,
11,Overall,199,1,
11,Overall,200,1,
11,Overall,201,1,
11,Overall,202,1,
11,Overall,203,1,
11,Overall,204,1,
11,Overall,205,1,
11,Overall,206,1,
11,Overall,207,1,
11,Overall,208,1,
11,Overall,209,1,
11,Overall,210,1,
11,Overall,211,1,
11,Overall,212,1,
11,Overall,213,1,
11,Overall,214,1,
11,Overall,215,1.1,
11,Overall,216,1.1,
11,Overall,217,1.1,
11,Overall,218,1.1,
11,Overall,219,1.1,
11,Overall,220,1.1,
11,Overall,221,1.1,
11,Overall,222,1.1,
11,Overall,223,1.1,
11,Overall,224,1.1,
11,Overall,225,1.1,
11,Overall,226,1.1,
11,Overall,227,1.2,
11,Overall,228,1.2,
11,Overall,229,1.2,
11,Overall,230,1.2,
11,Overall,231,1.2,
11,Overall,232,1.2,
11,Overall,233,1.2,
11,Overall,234,1.2,
11,Overall,235,1.2,
11,Overall,236,1.2,
11,Overall,237,1.2,
11,Overall,238,1.2,
11,Overall,239,1.3,
11,Overall,240,1.3,
11,Overall,241,1.3,
11,Overall,242,1.3,
11,Overall,243,1.3,
11,Overall,244,1.3,
11,Overall,245,1.3,
11,Overall,246,1.3,
11,Overall,247,1.3,
11,Overall,248,1.3,
11,Overall,249,1.3,
11,Overall,250,1.3,
11,Overall,251,1.3,
11,Overall,252,1.4,
11,Overall,253,1.4,
11,Overall,254,1.4,
11,Overall,255,1.4,
11,Overall,256,1.4,
11,Overall,257,1.4,
11,Overall,258,1.4,
11,Overall,259,1.4,
11,Overall,260,1.4,
11,Overall,261,1.4,
11,Overall,262,1.4,
11,Overall,263,1.4,
11,Overall,264,1.5,
11,Overall,265,1.5,
11,Overall,266,1.5,
11,Overall,267,1.5,
11,Overall,268,1.5,
11,Overall,269,1.5,
11,Overall,270,1.5,
11,Overall,271,1.5,
11,Overall,272,1.5,
11,Overall,273,1.5,
11,Overall,274,1.5,
11,Overall,275,1.5,
11,Overall,276,1.6,
11,Overall,277,1.6,
11,Overall,278,1.6,
11,Overall,279,1.6,
11,Overall,280,1.6,
11,Overall,281,1.6,
11,Overall,282,1.6,
11,Overall,283,1.6,
11,Overall,284,1.6,
11,Overall,285,1.6,
11,Overall,286,1.6,
11,Overall,287,1.6,
11,Overall,288,1.6,
11,Overall,289,1.7,
11,Overall,290,1.7,
11,Overall,291,1.7,
11,Overall,292,1.7,
11,Overall,293,1.7,
11,Overall,294,1.7,
11,Overall,295,1.7,
11,Overall,296,1.7,
11,Overall,297,1.7,
11,Overall,298,1.7,
11,Overall,299,1.7,
11,Overall,300,1.7,
11,Overall,301,1.8,
11,Overall,302,1.8,
11,Overall,303,1.8,
11,Overall,304,1.8,
11,Overall,305,1.8,
11,Overall,306,1.8,
11,Overall,307,1.8,
11,Overall,308,1.8,
11,Overall,309,1.8,
11,Overall,310,1.8,
11,Overall,311,1.8,
11,Overall,312,1.8,
11,Overall,313,1.9,
11,Overall,314,1.9,
11,Overall,315,1.9,
11,Overall,316,1.9,
11,Overall,317,1.9,
11,Overall,318,1.9,
11,Overall,319,1.9,
11,Overall,320,1.9,
11,Overall,321,1.9,
11,Overall,322,1.9,
11,Overall,323,1.9,
11,Overall,324,1.9,
11,Overall,325,2,
11,Overall,326,2,
11,Overall,327,2,
11,Overall,328,2,
11,Overall,329,2.1,
11,Overall,330,2.1,
11,Overall,331,2.1,
11,Overall,332,2.2,
11,Overall,333,2.2,
11,Overall,334,2.2,
11,Overall,335,2.3,
11,Overall,336,2.3,
11,Overall,337,2.3,
11,Overall,338,2.4,
11,Overall,339,2.4,
11,Overall,340,2.4,
11,Overall,341,2.5,
11,Overall,342,2.5,
11,Overall,343,2.5,
11,Overall,344,2.6,
11,Overall,345,2.6,
11,Overall,346,2.6,
11,Overall,347,2.7,
11,Overall,348,2.7,
11,Overall,349,2.7,
11,Overall,350,2.8,
11,Overall,351,2.8,
11,Overall,352,2.8,
11,Overall,353,2.9,
11,Overall,354,2.9,
11,Overall,355,2.9,
11,Overall,356,3,
11,Overall,357,3,
11,Overall,358,3,
11,Overall,359,3,
11,Overall,360,3,
11,Overall,361,3.1,
11,Overall,362,3.1,
11,Overall,363,3.1,
11,Overall,364,3.1,
11,Overall,365,3.2,
11,Overall,366,3.2,
11,Overall,367,3.2,
11,Overall,368,3.2,
11,Overall,369,3.3,
11,Overall,370,3.3,
11,Overall,371,3.3,
11,Overall,372,3.3,
11,Overall,373,3.4,
11,Overall,374,3.4,
11,Overall,375,3.4,
11,Overall,376,3.4,
11,Overall,377,3.5,
11,Overall,378,3.5,
11,Overall,379,3.5,
11,Overall,380,3.5,
11,Overall,381,3.6,
11,Overall,382,3.6,
11,Overall,383,3.6,
11,Overall,384,3.6,
11,Overall,385,3.7,
11,Overall,386,3.7,
11,Overall,387,3.7,
11,Overall,388,3.7,
11,Overall,389,3.8,
11,Overall,390,3.8,
11,Overall,391,3.8,
11,Overall,392,3.8,
11,Overall,393,3.9,
11,Overall,394,3.9,
11,Overall,395,3.9,
11,Overall,396,3.9,
11,Overall,397,4,
11,Overall,398,4,
11,Overall,399,4,
11,Overall,400,4,
11,Overall,401,4.1,
11,Overall,402,4.1,
11,Overall,403,4.1,
11,Overall,404,4.2,
11,Overall,405,4.2,
11,Overall,406,4.2,
11,Overall,407,4.3,
11,Overall,408,4.3,
11,Overall,409,4.3,
11,Overall,410,4.4,
11,Overall,411,4.4,
11,Overall,412,4.4,
11,Overall,413,4.5,
11,Overall,414,4.5,
11,Overall,415,4.5,
11,Overall,416,4.5,
11,Overall,417,4.6,
11,Overall,418,4.6,
11,Overall,419,4.6,
11,Overall,420,4.7,
11,Overall,421,4.7,
11,Overall,422,4.7,
11,Overall,423,4.8,
11,Overall,424,4.8,
11,Overall,425,4.8,
11,Overall,426,4.9,
11,Overall,427,4.9,
11,Overall,428,4.9,
11,Overall,429,5,
11,Overall,430,5,
11,Overall,431,5,
11,Overall,432,5.1,
11,Overall,433,5.1,
11,Overall,434,5.1,
11,Overall,435,5.2,
11,Overall,436,5.2,
11,Overall,437,5.2,
11,Overall,438,5.3,
11,Overall,439,5.3,
11,Overall,440,5.3,
11,Overall,441,5.4,
11,Overall,442,5.4,
11,Overall,443,5.4,
11,Overall,444,5.5,
11,Overall,445,5.5,
11,Overall,446,5.5,
11,Overall,447,5.6,
11,Overall,448,5.6,
11,Overall,449,5.6,
11,Overall,450,5.7,
11,Overall,451,5.7,
11,Overall,452,5.7,
11,Overall,453,5.8,
11,Overall,454,5.8,
11,Overall,455,5.8,
11,Overall,456,5.9,
11,Overall,457,5.9,
11,Overall,458,5.9,
11,Overall,459,6,
11,Overall,460,6,
11,Overall,461,6,
11,Overall,462,6,
11,Overall,463,6,
11,Overall,464,6,
11,Overall,465,6,
11,Overall,466,6,
11,Overall,467,6,
11,Overall,468,6,
11,Overall,469,6,
11,Overall,470,6,
11,Overall,471,6,
11,Overall,472,6,
11,Overall,473,6,
11,Overall,474,6,
11,Overall,475,6,
11,Overall,476,6,
11,Overall,477,6,
11,Overall,478,6,
11,Overall,479,6,
11,Overall,480,6,
11,Overall,481,6,
11,Overall,482,6,
11,Overall,483,6,
11,Overall,484,6,
11,Overall,485,6,
11,Overall,486,6,
11,Overall,487,6,
11,Overall,488,6,
11,Overall,489,6,
11,Overall,490,6,
11,Overall,491,6,
11,Overall,492,6,
11,Overall,493,6,
11,Overall,494,6,
11,Overall,495,6,
11,Overall,496,6,
11,Overall,497,6,
11,Overall,498,6,
11,Overall,499,6,
11,Overall,500,6,
11,Overall,501,6,
11,Overall,502,6,
11,Overall,503,6,
11,Overall,504,6,
11,Overall,505,6,
11,Overall,506,6,
11,Overall,507,6,
11,Overall,508,6,
11,Overall,509,6,
11,Overall,510,6,
11,Overall,511,6,
11,Overall,512,6,
11,Overall,513,6,
11,Overall,514,6,
11,Overall,515,6,
11,Overall,516,6,
11,Overall,517,6,
11,Overall,518,6,
11,Overall,519,6,
11,Overall,520,6,
11,Overall,521,6,
11,Overall,522,6,
11,Overall,523,6,
11,Overall,524,6,
11,Overall,525,6,
11,Overall,526,6,
11,Overall,527,6,
11,Overall,528,6,
11,Overall,529,6,
11,Overall,530,6,
11,Overall,531,6,
11,Overall,532,6,
11,Overall,533,6,
11,Overall,534,6,
11,Overall,535,6,
11,Overall,536,6,
11,Overall,537,6,
11,Overall,538,6,
11,Overall,539,6,
11,Overall,540,6,
11,Overall,541,6,
11,Overall,542,6,
11,Overall,543,6,
11,Overall,544,6,
11,Overall,545,6,
11,Overall,546,6,
11,Overall,547,6,
11,Overall,548,6,
11,Overall,549,6,
11,Overall,550,6,
11,Overall,551,6,
11,Overall,552,6,
11,Overall,553,6,
11,Overall,554,6,
11,Overall,555,6,
11,Overall,556,6,
11,Overall,557,6,
11,Overall,558,6,
11,Overall,559,6,
11,Overall,560,6,
11,Overall,561,6,
11,Overall,562,6,
11,Overall,563,6,
11,Overall,564,6,
11,Overall,565,6,
11,Overall,566,6,
11,Overall,567,6,
11,Overall,568,6,
11,Overall,569,6,
11,Overall,570,6,
11,Overall,571,6,
11,Overall,572,6,
11,Overall,573,6,
11,Overall,574,6,
11,Overall,575,6,
11,Overall,576,6,
11,Overall,577,6,
11,Overall,578,6,
11,Overall,579,6,
11,Overall,580,6,
11,Overall,581,6,
11,Overall,582,6,
11,Overall,583,6,
11,Overall,584,6,
11,Overall,585,6,
11,Overall,586,6,
11,Overall,587,6,
11,Overall,588,6,
11,Overall,589,6,
11,Overall,590,6,
11,Overall,591,6,
11,Overall,592,6,
11,Overall,593,6,
11,Overall,594,6,
11,Overall,595,6,
11,Overall,596,6,
11,Overall,597,6,
11,Overall,598,6,
11,Overall,599,6,
11,Overall,600,6,
12,Overall,100,1,
12,Overall,101,1,
12,Overall,102,1,
12,Overall,103,1,
12,Overall,104,1,
12,Overall,105,1,
12,Overall,106,1,
12,Overall,107,1,
12,Overall,108,1,
12,Overall,109,1,
12,Overall,110,1,
12,Overall,111,1,
12,Overall,112,1,
12,Overall,113,1,
12,Overall,114,1,
12,Overall,115,1,
12,Overall,116,1,
12,Overall,117,1,
12,Overall,118,1,
12,Overall,119,1,
12,Overall,120,1,
12,Overall,121,1,
12,Overall,122,1,
12,Overall,123,1,
12,Overall,124,1,
12,Overall,125,1,
12,Overall,126,1,
12,Overall,127,1,
12,Overall,128,1,
12,Overall,129,1,
12,Overall,130,1,
12,Overall,131,1,
12,Overall,132,1,
12,Overall,133,1,
12,Overall,134,1,
12,Overall,135,1,
12,Overall,136,1,
12,Overall,137,1,
12,Overall,138,1,
12,Overall,139,1,
12,Overall,140,1,
12,Overall,141,1,
12,Overall,142,1,
12,Overall,143,1,
12,Overall,144,1,
12,Overall,145,1,
12,Overall,146,1,
12,Overall,147,1,
12,Overall,148,1,
12,Overall,149,1,
12,Overall,150,1,
12,Overall,151,1,
12,Overall,152,1,
12,Overall,153,1,
12,Overall,154,1,
12,Overall,155,1,
12,Overall,156,1,
12,Overall,157,1,
12,Overall,158,1,
12,Overall,159,1,
12,Overall,160,1,
12,Overall,161,1,
12,Overall,162,1,
12,Overall,163,1,
12,Overall,164,1,
12,Overall,165,1,
12,Overall,166,1,
12,Overall,167,1,
12,Overall,168,1,
12,Overall,169,1,
12,Overall,170,1,
12,Overall,171,1,
12,Overall,172,1,
12,Overall,173,1,
12,Overall,174,1,
12,Overall,175,1,
12,Overall,176,1,
12,Overall,177,1,
12,Overall,178,1,
12,Overall,179,1,
12,Overall,180,1,
12,Overall,181,1,
12,Overall,182,1,
12,Overall,183,1,
12,Overall,184,1,
12,Overall,185,1,
12,Overall,186,1,
12,Overall,187,1,
12,Overall,188,1,
12,Overall,189,1,
12,Overall,190,1,
12,Overall,191,1,
12,Overall,192,1,
12,Overall,193,1,
12,Overall,194,1,
12,Overall,195,1,
12,Overall,196,1,
12,Overall,197,1,
12,Overall,198,1,
12,Overall,199,1,
12,Overall,200,1,
12,Overall,201,1,
12,Overall,202,1,
12,Overall,203,1,
12,Overall,204,1,
12,Overall,205,1,
12,Overall,206,1,
12,Overall,207,1,
12,Overall,208,1,
12,Overall,209,1,
12,Overall,210,1,
12,Overall,211,1,
12,Overall,212,1,
12,Overall,213,1,
12,Overall,214,1,
12,Overall,215,1,
12,Overall,216,1,
12,Overall,217,1,
12,Overall,218,1,
12,Overall,219,1,
12,Overall,220,1,
12,Overall,221,1,
12,Overall,222,1,
12,Overall,223,1.1,
12,Overall,224,1.1,
12,Overall,225,1.1,
12,Overall,226,1.1,
12,Overall,227,1.1,
12,Overall,228,1.1,
12,Overall,229,1.1,
12,Overall,230,1.1,
12,Overall,231,1.1,
12,Overall,232,1.1,
12,Overall,233,1.1,
12,Overall,234,1.1,
12,Overall,235,1.2,
12,Overall,236,1.2,
12,Overall,237,1.2,
12,Overall,238,1.2,
12,Overall,239,1.2,
12,Overall,240,1.2,
12,Overall,241,1.2,
12,Overall,242,1.2,
12,Overall,243,1.2,
12,Overall,244,1.2,
12,Overall,245,1.2,
12,Overall,246,1.2,
12,Overall,247,1.3,
12,Overall,248,1.3,
12,Overall,249,1.3,
12,Overall,250,1.3,
12,Overall,251,1.3,
12,Overall,252,1.3,
12,Overall,253,1.3,
12,Overall,254,1.3,
12,Overall,255,1.3,
12,Overall,256,1.3,
12,Overall,257,1.3,
12,Overall,258,1.3,
12,Overall,259,1.4,
12,Overall,260,1.4,
12,Overall,261,1.4,
12,Overall,262,1.4,
12,Overall,263,1.4,
12,Overall,264,1.4,
12,Overall,265,1.4,
12,Overall,266,1.4,
12,Overall,267,1.4,
12,Overall,268,1.4,
12,Overall,269,1.4,
12,Overall,270,1.4,
12,Overall,271,1.5,
12,Overall,272,1.5,
12,Overall,273,1.5,
12,Overall,274,1.5,
12,Overall,275,1.5,
12,Overall,276,1.5,
12,Overall,277,1.5,
12,Overall,278,1.5,
12,Overall,279,1.5,
12,Overall,280,1.5,
12,Overall,281,1.5,
12,Overall,282,1.5,
12,Overall,283,1.6,
12,Overall,284,1.6,
12,Overall,285,1.6,
12,Overall,286,1.6,
12,Overall,287,1.6,
12,Overall,288,1.6,
12,Overall,289,1.6,
12,Overall,290,1.6,
12,Overall,291,1.6,
12,Overall,292,1.6,
12,Overall,293,1.6,
12,Overall,294,1.6,
12,Overall,295,1.7,
12,Overall,296,1.7,
12,Overall,297,1.7,
12,Overall,298,1.7,
12,Overall,299,1.7,
12,Overall,300,1.7,
12,Overall,301,1.7,
12,Overall,302,1.7,
12,Overall,303,1.7,
12,Overall,304,1.7,
12,Overall,305,1.7,
12,Overall,306,1.7,
12,Overall,307,1.8,
12,Overall,308,1.8,
12,Overall,309,1.8,
12,Overall,310,1.8,
12,Overall,311,1.8,
12,Overall,312,1.8,
12,Overall,313,1.8,
12,Overall,314,1.8,
12,Overall,315,1.8,
12,Overall,316,1.8,
12,Overall,317,1.8,
12,Overall,318,1.8,
12,Overall,319,1.9,
12,Overall,320,1.9,
12,Overall,321,1.9,
12,Overall,322,1.9,
12,Overall,323,1.9,
12,Overall,324,1.9,
12,Overall,325,1.9,
12,Overall,326,1.9,
12,Overall,327,1.9,
12,Overall,328,1.9,
12,Overall,329,1.9,
12,Overall,330,1.9,
12,Overall,331,2,
12,Overall,332,2,
12,Overall,333,2,
12,Overall,334,2,
12,Overall,335,2.1,
12,Overall,336,2.1,
12,Overall,337,2.1,
12,Overall,338,2.2,
12,Overall,339,2.2,
12,Overall,340,2.2,
12,Overall,341,2.3,
12,Overall,342,2.3,
12,Overall,343,2.3,
12,Overall,344,2.4,
12,Overall,345,2.4,
12,Overall,346,2.4,
12,Overall,347,2.5,
12,Overall,348,2.5,
12,Overall,349,2.5,
12,Overall,350,2.6,
12,Overall,351,2.6,
12,Overall,352,2.6,
12,Overall,353,2.7,
12,Overall,354,2.7,
12,Overall,355,2.7,
12,Overall,356,2.8,
12,Overall,357,2.8,
12,Overall,358,2.8,
12,Overall,359,2.9,
12,Overall,360,2.9,
12,Overall,361,2.9,
12,Overall,362,3,
12,Overall,363,3,
12,Overall,364,3,
12,Overall,365,3,
12,Overall,366,3.1,
12,Overall,367,3.1,
12,Overall,368,3.1,
12,Overall,369,3.1,
12,Overall,370,3.2,
12,Overall,371,3.2,
12,Overall,372,3.2,
12,Overall,373,3.2,
12,Overall,374,3.3,
12,Overall,375,3.3,
12,Overall,376,3.3,
12,Overall,377,3.3,
12,Overall,378,3.4,
12,Overall,379,3.4,
12,Overall,380,3.4,
12,Overall,381,3.4,
12,Overall,382,3.5,
12,Overall,383,3.5,
12,Overall,384,3.5,
12,Overall,385,3.5,
12,Overall,386,3.6,
12,Overall,387,3.6,
12,Overall,388,3.6,
12,Overall,389,3.6,
12,Overall,390,3.7,
12,Overall,391,3.7,
12,Overall,392,3.7,
12,Overall,393,3.7,
12,Overall,394,3.8,
12,Overall,395,3.8,
12,Overall,396,3.8,
12,Overall,397,3.8,
12,Overall,398,3.9,
12,Overall,399,3.9,
12,Overall,400,3.9,
12,Overall,401,3.9,
12,Overall,402,4,
12,Overall,403,4,
12,Overall,404,4,
12,Overall,405,4,
12,Overall,406,4.1,
12,Overall,407,4.1,
12,Overall,408,4.1,
12,Overall,409,4.2,
12,Overall,410,4.2,
12,Overall,411,4.2,
12,Overall,412,4.3,
12,Overall,413,4.3,
12,Overall,414,4.3,
12,Overall,415,4.4,
12,Overall,416,4.4,
12,Overall,417,4.4,
12,Overall,418,4.5,
12,Overall,419,4.5,
12,Overall,420,4.5,
12,Overall,421,4.5,
12,Overall,422,4.6,
12,Overall,423,4.6,
12,Overall,424,4.6,
12,Overall,425,4.7,
12,Overall,426,4.7,
12,Overall,427,4.7,
12,Overall,428,4.8,
12,Overall,429,4.8,
12,Overall,430,4.8,
12,Overall,431,4.9,
12,Overall,432,4.9,
12,Overall,433,4.9,
12,Overall,434,5,
12,Overall,435,5,
12,Overall,436,5,
12,Overall,437,5,
12,Overall,438,5.1,
12,Overall,439,5.1,
12,Overall,440,5.1,
12,Overall,441,5.2,
12,Overall,442,5.2,
12,Overall,443,5.2,
12,Overall,444,5.3,
12,Overall,445,5.3,
12,Overall,446,5.3,
12,Overall,447,5.4,
12,Overall,448,5.4,
12,Overall,449,5.4,
12,Overall,450,5.5,
12,Overall,451,5.5,
12,Overall,452,5.5,
12,Overall,453,5.5,
12,Overall,454,5.6,
12,Overall,455,5.6,
12,Overall,456,5.6,
12,Overall,457,5.7,
12,Overall,458,5.7,
12,Overall,459,5.7,
12,Overall,460,5.8,
12,Overall,461,5.8,
12,Overall,462,5.8,
12,Overall,463,5.9,
12,Overall,464,5.9,
12,Overall,465,5.9,
12,Overall,466,6,
12,Overall,467,6,
12,Overall,468,6,
12,Overall,469,6,
12,Overall,470,6,
12,Overall,471,6,
12,Overall,472,6,
12,Overall,473,6,
12,Overall,474,6,
12,Overall,475,6,
12,Overall,476,6,
12,Overall,477,6,
12,Overall,478,6,
12,Overall,479,6,
12,Overall,480,6,
12,Overall,481,6,
12,Overall,482,6,
12,Overall,483,6,
12,Overall,484,6,
12,Overall,485,6,
12,Overall,486,6,
12,Overall,487,6,
12,Overall,488,6,
12,Overall,489,6,
12,Overall,490,6,
12,Overall,491,6,
12,Overall,492,6,
12,Overall,493,6,
12,Overall,494,6,
12,Overall,495,6,
12,Overall,496,6,
12,Overall,497,6,
12,Overall,498,6,
12,Overall,499,6,
12,Overall,500,6,
12,Overall,501,6,
12,Overall,502,6,
12,Overall,503,6,
12,Overall,504,6,
12,Overall,505,6,
12,Overall,506,6,
12,Overall,507,6,
12,Overall,508,6,
12,Overall,509,6,
12,Overall,510,6,
12,Overall,511,6,
12,Overall,512,6,
12,Overall,513,6,
12,Overall,514,6,
12,Overall,515,6,
12,Overall,516,6,
12,Overall,517,6,
12,Overall,518,6,
12,Overall,519,6,
12,Overall,520,6,
12,Overall,521,6,
12,Overall,522,6,
12,Overall,523,6,
12,Overall,524,6,
12,Overall,525,6,
12,Overall,526,6,
12,Overall,527,6,
12,Overall,528,6,
12,Overall,529,6,
12,Overall,530,6,
12,Overall,531,6,
12,Overall,532,6,
12,Overall,533,6,
12,Overall,534,6,
12,Overall,535,6,
12,Overall,536,6,
12,Overall,537,6,
12,Overall,538,6,
12,Overall,539,6,
12,Overall,540,6,
12,Overall,541,6,
12,Overall,542,6,
12,Overall,543,6,
12,Overall,544,6,
12,Overall,545,6,
12,Overall,546,6,
12,Overall,547,6,
12,Overall,548,6,
12,Overall,549,6,
12,Overall,550,6,
12,Overall,551,6,
12,Overall,552,6,
12,Overall,553,6,
12,Overall,554,6,
12,Overall,555,6,
12,Overall,556,6,
12,Overall,557,6,
12,Overall,558,6,
12,Overall,559,6,
12,Overall,560,6,
12,Overall,561,6,
12,Overall,562,6,
12,Overall,563,6,
12,Overall,564,6,
12,Overall,565,6,
12,Overall,566,6,
12,Overall,567,6,
12,Overall,568,6,
12,Overall,569,6,
12,Overall,570,6,
12,Overall,571,6,
12,Overall,572,6,
12,Overall,573,6,
12,Overall,574,6,
12,Overall,575,6,
12,Overall,576,6,
12,Overall,577,6,
12,Overall,578,6,
12,Overall,579,6,
12,Overall,580,6,
12,Overall,581,6,
12,Overall,582,6,
12,Overall,583,6,
12,Overall,584,6,
12,Overall,585,6,
12,Overall,586,6,
12,Overall,587,6,
12,Overall,588,6,
12,Overall,589,6,
12,Overall,590,6,
12,Overall,591,6,
12,Overall,592,6,
12,Overall,593,6,
12,Overall,594,6,
12,Overall,595,6,
12,Overall,596,6,
12,Overall,597,6,
12,Overall,598,6,
12,Overall,599,6,
12,Overall,600,6,